{
  "nationalPokedexNumber": 720,
  "name": "Hoopa",
  "primaryType": "psychic",
  "secondaryType": "ghost",
  "maleRatio": -1,
  "height": 5,
  "weight": 90,
  "pokedex": [
    "cobblemon.species.hoopa.desc"
  ],
  "labels": [
    "gen6",
    "mythical"
  ],
  "aspects": [
    "confined"
  ],
  "abilities": [
    "magician",
    "h:magician"
  ],
  "eggGroups": [
    "undiscovered"
  ],
  "baseStats": {
    "hp": 80,
    "attack": 110,
    "defence": 60,
    "special_attack": 150,
    "special_defence": 130,
    "speed": 70
  },
  "evYield": {
    "hp": 0,
    "attack": 0,
    "defence": 0,
    "special_attack": 3,
    "special_defence": 0,
    "speed": 0
  },
  "baseExperienceYield": 300,
  "experienceGroup": "slow",
  "catchRate": 3,
  "eggCycles": 120,
  "baseFriendship": 100,
  "baseScale": 1,
  "hitbox": {
    "width": 1,
    "height": 1,
    "fixed": false
  },
  "moves": [
    "1:destinybond",
    "1:allyswitch",
    "1:confusion",
    "6:astonish",
    "10:trick",
    "15:lightscreen",
    "19:psybeam",
    "25:skillswap",
    "29:powersplit",
    "29:guardsplit",
    "35:phantomforce",
    "46:zenheadbutt",
    "50:wonderroom",
    "50:trickroom",
    "55:shadowball",
    "68:nastyplot",
    "75:psychic",
    "85:hyperspacehole",
    "tm:allyswitch",
    "tm:block",
    "tm:brickbreak",
    "tm:calmmind",
    "tm:covet",
    "tm:darkpulse",
    "tm:drainpunch",
    "tm:dreameater",
    "tm:dualchop",
    "tm:embargo",
    "tm:endure",
    "tm:energyball",
    "tm:expandingforce",
    "tm:facade",
    "tm:firepunch",
    "tm:flash",
    "tm:fling",
    "tm:focusblast",
    "tm:focuspunch",
    "tm:foulplay",
    "tm:futuresight",
    "tm:gigaimpact",
    "tm:grassknot",
    "tm:gravity",
    "tm:gunkshot",
    "tm:hyperbeam",
    "tm:icepunch",
    "tm:knockoff",
    "tm:laserfocus",
    "tm:lashout",
    "tm:lastresort",
    "tm:lightscreen",
    "tm:magiccoat",
    "tm:magicroom",
    "tm:nastyplot",
    "tm:phantomforce",
    "tm:poweruppunch",
    "tm:protect",
    "tm:psybeam",
    "tm:psychic",
    "tm:psychicnoise",
    "tm:psychicterrain",
    "tm:psychup",
    "tm:psyshock",
    "tm:quash",
    "tm:raindance",
    "tm:recycle",
    "tm:reflect",
    "tm:rest",
    "tm:rocktomb",
    "tm:roleplay",
    "tm:safeguard",
    "tm:sandstorm",
    "tm:scaryface",
    "tm:shadowball",
    "tm:shockwave",
    "tm:signalbeam",
    "tm:skillswap",
    "tm:skittersmack",
    "tm:sleeptalk",
    "tm:snatch",
    "tm:substitute",
    "tm:sunnyday",
    "tm:swift",
    "tm:takedown",
    "tm:taunt",
    "tm:telekinesis",
    "tm:terablast",
    "tm:thief",
    "tm:throatchop",
    "tm:thunderbolt",
    "tm:thunderpunch",
    "tm:thunderwave",
    "tm:torment",
    "tm:trick",
    "tm:trickroom",
    "tm:wonderroom",
    "tm:zenheadbutt",
    "tutor:allyswitch",
    "tutor:block",
    "tutor:calmmind",
    "tutor:covet",
    "tutor:darkpulse",
    "tutor:drainpunch",
    "tutor:dualchop",
    "tutor:energyball",
    "tutor:expandingforce",
    "tutor:firepunch",
    "tutor:focuspunch",
    "tutor:foulplay",
    "tutor:gigaimpact",
    "tutor:gravity",
    "tutor:gunkshot",
    "tutor:hyperbeam",
    "tutor:icepunch",
    "tutor:knockoff",
    "tutor:laserfocus",
    "tutor:lashout",
    "tutor:lastresort",
    "tutor:magiccoat",
    "tutor:magicroom",
    "tutor:psychic",
    "tutor:recycle",
    "tutor:rest",
    "tutor:roleplay",
    "tutor:shadowball",
    "tutor:shockwave",
    "tutor:signalbeam",
    "tutor:skillswap",
    "tutor:skittersmack",
    "tutor:sleeptalk",
    "tutor:snatch",
    "tutor:swift",
    "tutor:telekinesis",
    "tutor:throatchop",
    "tutor:thunderbolt",
    "tutor:thunderpunch",
    "tutor:trick",
    "tutor:wonderroom",
    "tutor:zenheadbutt"
  ],
  "evolutions": [
  ],
  "forms": [
    {
      "name": "Unbound",
      "primaryType": "psychic",
      "secondaryType": "dark",
      "maleRatio": -1,
      "height": 65,
      "weight": 4900,
      "pokedex": [
        "cobblemon.species.hoopa-unbound.desc"
      ],
      "labels": [
        "gen6",
        "mythical"
      ],
      "aspects": [
        "unbound"
      ],
      "baseStats": {
        "hp": 80,
        "attack": 160,
        "defence": 60,
        "special_attack": 170,
        "special_defence": 130,
        "speed": 80
      },
      "baseExperienceYield": 340,
      "baseFriendship": 50,
      "moves": [
        "1:destinybond",
        "1:allyswitch",
        "1:confusion",
        "6:astonish",
        "10:trick",
        "15:lightscreen",
        "19:psybeam",
        "25:skillswap",
        "29:powersplit",
        "29:guardsplit",
        "46:knockoff",
        "50:wonderroom",
        "50:trickroom",
        "55:darkpulse",
        "75:psychic",
        "85:hyperspacefury",
        "tm:allyswitch",
        "tm:block",
        "tm:brickbreak",
        "tm:calmmind",
        "tm:covet",
        "tm:darkpulse",
        "tm:drainpunch",
        "tm:dreameater",
        "tm:dualchop",
        "tm:embargo",
        "tm:endure",
        "tm:energyball",
        "tm:expandingforce",
        "tm:facade",
        "tm:firepunch",
        "tm:flash",
        "tm:fling",
        "tm:focusblast",
        "tm:focuspunch",
        "tm:foulplay",
        "tm:futuresight",
        "tm:gigaimpact",
        "tm:grassknot",
        "tm:gravity",
        "tm:gunkshot",
        "tm:hyperbeam",
        "tm:icepunch",
        "tm:knockoff",
        "tm:laserfocus",
        "tm:lashout",
        "tm:lastresort",
        "tm:lightscreen",
        "tm:magiccoat",
        "tm:magicroom",
        "tm:nastyplot",
        "tm:phantomforce",
        "tm:poweruppunch",
        "tm:protect",
        "tm:psybeam",
        "tm:psychic",
        "tm:psychicnoise",
        "tm:psychicterrain",
        "tm:psychup",
        "tm:psyshock",
        "tm:quash",
        "tm:raindance",
        "tm:recycle",
        "tm:reflect",
        "tm:rest",
        "tm:rocktomb",
        "tm:roleplay",
        "tm:safeguard",
        "tm:sandstorm",
        "tm:scaryface",
        "tm:shadowball",
        "tm:shockwave",
        "tm:signalbeam",
        "tm:skillswap",
        "tm:skittersmack",
        "tm:sleeptalk",
        "tm:snatch",
        "tm:substitute",
        "tm:sunnyday",
        "tm:swift",
        "tm:takedown",
        "tm:taunt",
        "tm:telekinesis",
        "tm:terablast",
        "tm:thief",
        "tm:throatchop",
        "tm:thunderbolt",
        "tm:thunderpunch",
        "tm:thunderwave",
        "tm:torment",
        "tm:trick",
        "tm:trickroom",
        "tm:wonderroom",
        "tm:zenheadbutt",
        "tutor:allyswitch",
        "tutor:block",
        "tutor:calmmind",
        "tutor:covet",
        "tutor:darkpulse",
        "tutor:drainpunch",
        "tutor:dualchop",
        "tutor:energyball",
        "tutor:expandingforce",
        "tutor:firepunch",
        "tutor:focuspunch",
        "tutor:foulplay",
        "tutor:gigaimpact",
        "tutor:gravity",
        "tutor:gunkshot",
        "tutor:hyperbeam",
        "tutor:icepunch",
        "tutor:knockoff",
        "tutor:laserfocus",
        "tutor:lashout",
        "tutor:lastresort",
        "tutor:magiccoat",
        "tutor:magicroom",
        "tutor:psychic",
        "tutor:recycle",
        "tutor:rest",
        "tutor:roleplay",
        "tutor:shadowball",
        "tutor:shockwave",
        "tutor:signalbeam",
        "tutor:skillswap",
        "tutor:skittersmack",
        "tutor:sleeptalk",
        "tutor:snatch",
        "tutor:swift",
        "tutor:telekinesis",
        "tutor:throatchop",
        "tutor:thunderbolt",
        "tutor:thunderpunch",
        "tutor:trick",
        "tutor:wonderroom",
        "tutor:zenheadbutt"
      ],
      "evolutions": [
      ],
      "battleOnly": false
    }
  ]
}