{
    "enabled": true,
    "neededInstalledMods": [],
    "neededUninstalledMods": [],
    "spawns": [
        {
            "id": "buzzwole-1",
            "pokemon": "buzzwole",
            "type": "pokemon",
            "context": "grounded",
            "bucket": "ultra-rare",
            "level": "70-100",
            "weight": 3.2,
            "condition": {
                "canSeeSky": true,
                "biomes": [
                    "minecraft:swamp"
                ]
            }
        }
    ]
}