{
  "pools": [
    {
      "rolls": {
        "min": 1,
        "max": 1
      },
      "entries": [
        {
          "type": "minecraft:loot_table",
          "value": "rctmod:trainers/groups/leader"
        }
      ]
    },
    {
      "rolls": {
        "min": 1,
        "max": 1
      },
      "entries": [
        {
          "type": "minecraft:loot_table",
          "value": "rctmod:generic/unique/cobblebadges_1"
        }
      ]
    },
    {
      "rolls": {
        "min": 1,
        "max": 1
      },
      "entries": [
        {
          "type": "minecraft:loot_table",
          "value": "rctmod:generic/unique/pkgbadges_1"
        }
      ]
    },
    {
      "rolls": {
        "min": 1,
        "max": 1
      },
      "entries": [
        {
          "type": "minecraft:loot_table",
          "value": "rctmod:generic/unique/cobblemonpokemonbadges_1"
        }
      ]
    }
  ],
  "random_sequence": "rctmod:trainers/single/leader_brock_019e"
}