{
  "pools": [
    {
      "rolls": {
        "min": 1,
        "max": 1
      },
      "entries": [
        {
          "type": "minecraft:loot_table",
          "value": "rctmod:trainers/groups/leader"
        }
      ]
    },
    {
      "rolls": {
        "min": 1,
        "max": 1
      },
      "entries": [
        {
          "type": "minecraft:loot_table",
          "value": "rctmod:generic/unique/cobblebadges_5"
        }
      ]
    },
    {
      "rolls": {
        "min": 1,
        "max": 1
      },
      "entries": [
        {
          "type": "minecraft:loot_table",
          "value": "rctmod:generic/unique/pkgbadges_5"
        }
      ]
    },
    {
      "rolls": {
        "min": 1,
        "max": 1
      },
      "entries": [
        {
          "type": "minecraft:loot_table",
          "value": "rctmod:generic/unique/cobblemonpokemonbadges_5"
        }
      ]
    }
  ],
  "random_sequence": "rctmod:trainers/single/leader_sabrina_01a4"
}