{
    "species": "cobblemon:giratina",
    "order": 10,
    "variations": [
      {
        "aspects": [],
        "poser": "cobblemon:giratina2",
        "model": "cobblemon:giratina2.geo",
        "texture": "cobblemon:textures/pokemon/giratina/giratina2.png",
        "layers": [
        ]
      },
      {
        "aspects": [ "shiny" ],
        "texture": "cobblemon:textures/pokemon/giratina/giratina2_shiny.png",
        "layers": [
        ]
      },
      {
        "aspects": [
          "origin-forme"
        ],
        "poser": "cobblemon:giratinaorigin2",
        "model": "cobblemon:giratinaorigin2.geo",
        "texture": "cobblemon:textures/pokemon/giratina/giratinaorigin2.png",
        "layers": []
      },
      {
        "aspects": [
          "origin-forme",
          "shiny"
        ],
        "poser": "cobblemon:giratinaorigin2",
        "model": "cobblemon:giratinaorigin2.geo",
        "texture": "cobblemon:textures/pokemon/giratina/giratinaorigin2_shiny.png"
      }
    ]
  }
  