{
    "item": "minecraft:wither_skeleton_skull",
    "effects": [
      {
        "type": "cobblemon:level_raise",
        "chance": 1.0,
        "value": 35.0
      },
      {
        "type": "cobblemon:iv",
        "chance": 0.75,
        "value": 15.0,
        "subcategory": "cobblemon:atk"
      },
      {
        "type": "cobblemon:iv",
        "chance": 0.75,
        "value": 15.0,
        "subcategory": "cobblemon:def"
      },
      {
        "type": "cobblemon:iv",
        "chance": 0.75,
        "value": 15.0,
        "subcategory": "cobblemon:spa"
      },
      {
        "type": "cobblemon:iv",
        "chance": 0.75,
        "value": 15.0,
        "subcategory": "cobblemon:spd"
      },
      {
        "type": "cobblemon:iv",
        "chance": 0.75,
        "value": 15.0,
        "subcategory": "cobblemon:hp"
      },
      {
        "type": "cobblemon:iv",
        "chance": 0.75,
        "value": 15.0,
        "subcategory": "cobblemon:spe"
      }
    ]
  }