{
  "head": "looky",
  "portraitScale": 0.7,
  "portraitTranslation": [-1.7, 2.9, 0],
  "profileScale": 0.3,
  "profileTranslation": [-0.3, 1.5, 0],
  "animations": {
    "faint": "q.bedrock_primary('giratinaorigin2', 'faint', q.curve('one'))",
    "cry": "q.bedrock_primary('giratinaorigin2', 'cry', q.curve('symmetrical_wide'))",
    "physical": "q.bedrock_primary('giratinaorigin2', 'physical_attack', q.curve('symmetrical_wide'))",
    "special": "q.bedrock_primary('giratinaorigin2', 'special_attack', q.curve('symmetrical_wide'))",
    "status": "q.bedrock_primary('giratinaorigin2', 'cry', q.curve('symmetrical_wide'))"
  },
  "poses": {
    "battle-standing": {
      "poseTypes": ["STAND"],
      "isBattle": true,
      "animations": ["look", "q.bedrock('giratinaorigin2', 'ground_idle')"
      ]
    },
    "standing": {
      "poseTypes": ["STAND", "NONE", "PORTRAIT", "PROFILE"],
      "isBattle": false,
      "animations": ["look", "q.bedrock('giratinaorigin2', 'ground_idle')"
      ]
    },
    "walking": {
      "poseTypes": ["WALK"],
      "animations": ["look", "q.bedrock('giratinaorigin2', 'ground_walk')"
      ]
    },
    "float": {
      "poseTypes": ["FLOAT"],
      "animations": ["look", "q.bedrock('giratinaorigin2', 'ground_idle')"
      ]
    },
    "swim": {
      "poseTypes": ["SWIM"],
      "animations": ["look",
        "q.bedrock('giratinaorigin2', 'ground_walk')"
      ]
    },
    "hover": {
      "poseName": "hover",
      "poseTypes": ["HOVER"],
      "animations": ["look", "q.bedrock('giratinaorigin2', 'ground_idle')"
      ]
    },
    "fly": {
      "poseName": "fly",
      "poseTypes": ["FLY"],
      "animations": ["look", "q.bedrock('giratinaorigin2', 'ground_walk')"]
    }
  }
}