{
	"format_version": "1.8.0",
	"animations": {
		"animation.tornadus2.cry": {
			"animation_length": 1.9167,
			"bones": {
				"arm_right": {
					"rotation": {
						"0.0": [0, 0, 0],
						"0.5": [16.98216, -14.98328, -49.74943],
						"1.0": [16.98216, -14.98328, -49.74943],
						"1.75": [0, 0, 0]
					}
				},
				"bicep_right": {
					"rotation": {
						"0.0": [0, 0, 0],
						"0.5": [-96.04711, -21.46111, -42.46794],
						"1.0": [-96.04711, -21.46111, -42.46794],
						"1.75": [0, 0, 0]
					},
					"position": {
						"0.0": [0, 0, 0],
						"0.5": [0, -0.5, 0],
						"1.0": [0, -0.5, 0],
						"1.75": [0, 0, 0]
					}
				},
				"forearm_right": {
					"rotation": {
						"0.0": [0, 0, 0],
						"0.5": [-24.58534, -17.84677, 51.17054],
						"1.0": [-24.58534, -17.84677, 51.17054],
						"1.75": [0, 0, 0]
					},
					"position": {
						"0.0": [0, 0, 0],
						"0.5": [0, -1, 0],
						"1.0": [0, -1, 0],
						"1.75": [0, 0, 0]
					}
				},
				"wrist_right": {
					"rotation": {
						"0.0": [0, 0, 0],
						"0.5": [-56.7655, 11.75167, 15.72207],
						"1.0": [-56.7655, 11.75167, 15.72207],
						"1.75": [0, 0, 0]
					}
				},
				"hand_right": {
					"rotation": {
						"0.0": [0, 0, 0],
						"0.5": [0, 17.5, 0],
						"1.0": [0, 17.5, 0],
						"1.75": [0, 0, 0]
					}
				},
				"thumb_right": {
					"rotation": {
						"0.0": [0, 0, 0],
						"0.5": [17.67066, 8.0592, -18.32028],
						"1.0": [17.67066, 8.0592, -18.32028],
						"1.75": [0, 0, 0]
					}
				},
				"rthumb_tip": {
					"rotation": {
						"0.0": [0, 0, 0],
						"0.5": [22.5, 0, 0],
						"1.0": [22.5, 0, 0],
						"1.75": [0, 0, 0]
					}
				},
				"index_right": {
					"rotation": {
						"0.0": [0, 0, 0],
						"0.5": [0, 5, 0],
						"1.0": [0, 5, 0],
						"1.75": [0, 0, 0]
					}
				},
				"Rindex_tip": {
					"rotation": {
						"0.0": [0, 0, 0],
						"0.5": [0, 65, 0],
						"1.0": [0, 65, 0],
						"1.75": [0, 0, 0]
					}
				},
				"middle_right": {
					"rotation": {
						"0.0": [0, 0, 0],
						"0.5": [0, 12.5, 0],
						"1.0": [0, 12.5, 0],
						"1.75": [0, 0, 0]
					}
				},
				"Rmiddle_tip": {
					"rotation": {
						"0.0": [0, 0, 0],
						"0.5": [21.32038, 75.73781, 15.29151],
						"1.0": [21.32038, 75.73781, 15.29151],
						"1.75": [0, 0, 0]
					}
				},
				"ring_right": {
					"rotation": {
						"0.0": [0, 0, 0],
						"0.5": [0, 17.5, 0],
						"1.0": [0, 17.5, 0],
						"1.75": [0, 0, 0]
					}
				},
				"Rring_tip": {
					"rotation": {
						"0.0": [0, 0, 0],
						"0.5": [0, 40, 0],
						"1.0": [0, 40, 0],
						"1.75": [0, 0, 0]
					}
				},
				"pinky_right": {
					"rotation": {
						"0.0": [0, 0, 0],
						"0.5": [0, 15, 0],
						"1.0": [0, 15, 0],
						"1.75": [0, 0, 0]
					}
				},
				"Rpinky_right": {
					"rotation": {
						"0.0": [0, 0, 0],
						"0.5": [0, 60, 0],
						"1.0": [0, 60, 0],
						"1.75": [0, 0, 0]
					}
				},
				"shoulder_left": {
					"rotation": {
						"0.0": [0, 0, 0],
						"0.5": [-40.059, 61.94246, 64.30172],
						"1.0": [-65.059, 61.94246, 64.30172],
						"1.75": [0, 0, 0]
					},
					"position": {
						"0.0": [0, 0, 0],
						"0.5": [-1, -0.5, -0.7],
						"1.0": [-1, -0.5, -0.7],
						"1.75": [0, 0, 0]
					}
				},
				"bicep_left": {
					"rotation": {
						"0.0": [0, 0, 0],
						"0.5": [-88.72526, 12.07608, 24.19559],
						"1.0": [-88.72526, 12.07608, 24.19559],
						"1.75": [0, 0, 0]
					},
					"position": {
						"0.0": [0, 0, 0],
						"0.5": [0, 0, -1],
						"1.0": [0, 0, -1],
						"1.75": [0, 0, 0]
					}
				},
				"forearm_left": {
					"rotation": {
						"0.0": [0, 0, 0],
						"0.5": [262.34598, 11.14607, -351.19338],
						"1.0": [262.34598, 11.14607, -351.19338],
						"1.75": [0, 0, 0]
					},
					"position": {
						"0.0": [0, 0, 0],
						"0.5": [0, -1, 1],
						"1.0": [0, -1, 1],
						"1.75": [0, 0, 0]
					}
				},
				"thumb_left": {
					"rotation": {
						"0.0": [0, 0, 0],
						"0.5": [0, 0, 35],
						"1.0": [0, 0, 35],
						"1.75": [0, 0, 0]
					},
					"position": {
						"0.0": [0, 0, 0],
						"0.5": [0, 0, 0],
						"1.0": [0, 0, 0],
						"1.75": [0, 0, 0]
					}
				},
				"index_left": {
					"rotation": {
						"0.0": [0, 0, 0],
						"0.5": [0, -22.5, 0],
						"1.0": [0, -22.5, 0],
						"1.75": [0, 0, 0]
					}
				},
				"middle_left": {
					"rotation": {
						"0.0": [0, 0, 0],
						"0.5": [0, -27.5, 0],
						"1.0": [0, -27.5, 0],
						"1.75": [0, 0, 0]
					}
				},
				"ring_left": {
					"rotation": {
						"0.0": [0, 0, 0],
						"0.5": [0, -17.5, 0],
						"1.0": [0, -17.5, 0],
						"1.75": [0, 0, 0]
					}
				},
				"pinky_left": {
					"rotation": {
						"0.0": [0, 0, 0],
						"0.5": [0, -10, 0],
						"1.0": [0, -10, 0],
						"1.75": [0, 0, 0]
					}
				},
				"head": {
					"rotation": {
						"0.0": {
							"post": [5, 0, 0],
							"lerp_mode": "catmullrom"
						},
						"0.5": {
							"post": [-12.5, 0, 0],
							"lerp_mode": "catmullrom"
						},
						"0.75": {
							"post": [-2.5, 0, 0],
							"lerp_mode": "catmullrom"
						},
						"1.0": {
							"post": [-12.5, 0, 0],
							"lerp_mode": "catmullrom"
						},
						"1.75": [5, 0, 0]
					}
				},
				"tail_1": {
					"rotation": {
						"0.0": {
							"post": [0, 0, 0],
							"lerp_mode": "catmullrom"
						},
						"0.5": {
							"post": [-18.84825, 11.83747, -12.17553],
							"lerp_mode": "catmullrom"
						},
						"1.0": {
							"post": [-18.84825, 11.83747, -12.17553],
							"lerp_mode": "catmullrom"
						},
						"1.75": [0, 0, 0]
					}
				},
				"tail_3": {
					"rotation": {
						"0.0": {
							"post": [0, 0, 0],
							"lerp_mode": "catmullrom"
						},
						"0.5": {
							"post": [-6.81098, -0.54996, 3.1264],
							"lerp_mode": "catmullrom"
						},
						"1.0": {
							"post": [-6.81098, -0.54996, 3.1264],
							"lerp_mode": "catmullrom"
						},
						"1.75": [0, 0, 0]
					}
				},
				"tail_4": {
					"rotation": {
						"0.0": {
							"post": [0, 0, 0],
							"lerp_mode": "catmullrom"
						},
						"0.5": {
							"post": [-12.5, 0, 12.5],
							"lerp_mode": "catmullrom"
						},
						"1.0": {
							"post": [-12.5, 0, 12.5],
							"lerp_mode": "catmullrom"
						},
						"1.75": [0, 0, 0]
					}
				},
				"tail_5": {
					"rotation": {
						"0.0": {
							"post": [0, 0, 0],
							"lerp_mode": "catmullrom"
						},
						"0.5": {
							"post": [-10, 12.5, 0],
							"lerp_mode": "catmullrom"
						},
						"1.0": {
							"post": [-10, 12.5, 0],
							"lerp_mode": "catmullrom"
						},
						"1.75": [0, 0, 0]
					}
				},
				"tail_6": {
					"rotation": {
						"0.0": [0, 0, 0],
						"1.75": [0, 0, 0]
					}
				},
				"tail_7": {
					"rotation": {
						"0.0": [0, 0, 0],
						"0.5": [-20, 0, 0],
						"1.0": [-20, 0, 0],
						"1.75": [0, 0, 0]
					}
				},
				"tip_8": {
					"rotation": {
						"0.0": [0, 0, 0],
						"0.5": [-30, 0, 0],
						"1.0": [-30, 0, 0],
						"1.75": [0, 0, 0]
					}
				},
				"mainthing": {
					"position": {
						"0.0": {
							"post": [0, 0, 0],
							"lerp_mode": "catmullrom"
						},
						"0.5": {
							"post": [0, 2, 0],
							"lerp_mode": "catmullrom"
						},
						"1.0": {
							"post": [0, 2, 0],
							"lerp_mode": "catmullrom"
						},
						"1.75": [0, 0, 0]
					}
				},
				"shoulder_right": {
					"rotation": {
						"0.0": [0, 0, 0],
						"0.5": [-38.09836, -52.19569, -10.59801],
						"1.0": [-55.59836, -52.19569, -10.59801],
						"1.75": [0, 0, 0]
					},
					"position": {
						"0.0": [0, 0, 0],
						"0.5": [0, 0, -1],
						"1.0": [0, 0, -1],
						"1.75": [0, 0, 0]
					}
				},
				"torso": {
					"rotation": {
						"0.0": {
							"post": [0, 0, 0],
							"lerp_mode": "catmullrom"
						},
						"0.5": {
							"post": [-12.5, 0, 0],
							"lerp_mode": "catmullrom"
						},
						"1.0": {
							"post": [-12.5, 0, 0],
							"lerp_mode": "catmullrom"
						},
						"1.75": [0, 0, 0]
					},
					"position": {
						"0.0": {
							"post": [0, 0, 0],
							"lerp_mode": "catmullrom"
						},
						"0.5": {
							"post": [0, -1, 0],
							"lerp_mode": "catmullrom"
						},
						"1.0": {
							"post": [0, -1, 0],
							"lerp_mode": "catmullrom"
						},
						"1.75": [0, 0, 0]
					}
				},
				"thumbleft2": {
					"rotation": {
						"0.0": [0, 0, 0],
						"0.5": [65, 0, 0],
						"1.0": [65, 0, 0],
						"1.75": [0, 0, 0]
					}
				},
				"indexleft2": {
					"rotation": {
						"0.0": [0, 0, 0],
						"0.5": [0, -57.5, 0],
						"1.0": [0, -57.5, 0],
						"1.75": [0, 0, 0]
					}
				},
				"midleft2": {
					"rotation": {
						"0.0": [0, 0, 0],
						"0.5": [0, -55, 0],
						"1.0": [0, -55, 0],
						"1.75": [0, 0, 0]
					}
				},
				"ringleft2": {
					"rotation": {
						"0.0": [0, 0, 0],
						"0.5": [0, -77.5, 0],
						"1.0": [0, -77.5, 0],
						"1.75": [0, 0, 0]
					}
				},
				"pinkleft2": {
					"rotation": {
						"0.0": [0, 0, 0],
						"0.5": [0, -90, 0],
						"1.0": [0, -90, 0],
						"1.75": [0, 0, 0]
					}
				},
				"wrist_left": {
					"rotation": {
						"0.0": [0, 0, 0],
						"0.5": [-12.51758, 14.99961, 0.11051],
						"1.0": [-12.51758, 14.99961, 0.11051],
						"1.75": [0, 0, 0]
					}
				}
			},
			"sound_effects": {
				"0.1": {
					"effect": "pokemon.tornadus2.cry"
				}
			}
		},
		"animation.tornadus2.ground_idle": {
			"loop": true,
			"bones": {
				"mainthing": {
					"position": [0, "0-math.sin(q.anim_time*45*1)*1", 0]
				},
				"upperbody": {
					"position": [0, "-2-math.sin(q.anim_time*45*0.8)*1", 0]
				},
				"tail_1": {
					"rotation": ["-math.sin(q.anim_time*90*1)*2", 0, 0]
				}
			}
		},
		"animation.tornadus2.ground_walk": {
			"loop": true,
			"bones": {
				"head": {
					"rotation": [-10, 0, 0],
					"position": [0, 0, 0]
				},
				"mainthing": {
					"rotation": [17.5, 0, 0],
					"position": [0, "3-math.sin(q.anim_time*45*2)*1", 0]
				},
				"upperbody": {
					"position": [0, "-2-math.sin(q.anim_time*45*0.8)*1", 0]
				},
				"torso": {
					"rotation": [-10, 0, 0],
					"position": [0, -1, 0]
				},
				"tail_1": {
					"rotation": ["-math.sin(q.anim_time*90*1)*2", 0, 0]
				}
			}
		},
		"animation.tornadus2.status": {
			"loop": true,
			"animation_length": 2.6667,
			"bones": {
				"mainthing": {
					"rotation": {
						"0.0": {
							"post": [0, 0, 0],
							"lerp_mode": "catmullrom"
						},
						"1.0": {
							"post": [17.5, 0, 0],
							"lerp_mode": "catmullrom"
						},
						"2.0": {
							"post": [17.5, 0, 0],
							"lerp_mode": "catmullrom"
						},
						"2.6667": {
							"post": [0, 0, 0],
							"lerp_mode": "catmullrom"
						}
					},
					"position": {
						"0.0": {
							"post": [0, 0, 0],
							"lerp_mode": "catmullrom"
						},
						"1.0": {
							"post": [0, 3, 0],
							"lerp_mode": "catmullrom"
						},
						"2.0": {
							"post": [0, 3, 0],
							"lerp_mode": "catmullrom"
						},
						"2.6667": {
							"post": [0, 0, 0],
							"lerp_mode": "catmullrom"
						}
					}
				},
				"shoulder_right": {
					"rotation": {
						"0.0": {
							"post": [0, 0, 0],
							"lerp_mode": "catmullrom"
						},
						"0.5": {
							"post": [3.66507, -16.73043, -0.41274],
							"lerp_mode": "catmullrom"
						},
						"1.1667": {
							"post": [3.66507, -16.73043, -0.41274],
							"lerp_mode": "catmullrom"
						},
						"2.0": {
							"post": [3.66507, -16.73043, -0.41274],
							"lerp_mode": "catmullrom"
						},
						"2.6667": {
							"post": [0, 0, 0],
							"lerp_mode": "catmullrom"
						}
					}
				},
				"bicep_right": {
					"rotation": {
						"0.0": {
							"post": [0, 0, 0],
							"lerp_mode": "catmullrom"
						},
						"0.5": {
							"post": [1.85847, -2.43807, -32.13772],
							"lerp_mode": "catmullrom"
						},
						"1.1667": {
							"post": [1.85847, -2.43807, -32.13772],
							"lerp_mode": "catmullrom"
						},
						"2.0": {
							"post": [1.85847, -2.43807, -32.13772],
							"lerp_mode": "catmullrom"
						},
						"2.6667": {
							"post": [0, 0, 0],
							"lerp_mode": "catmullrom"
						}
					}
				},
				"forearm_right": {
					"rotation": {
						"0.0": {
							"post": [0, 0, 0],
							"lerp_mode": "catmullrom"
						},
						"0.5": {
							"post": [-144.27194, -50.36074, -143.90337],
							"lerp_mode": "catmullrom"
						},
						"1.1667": {
							"post": [-144.27194, -50.36074, -143.90337],
							"lerp_mode": "catmullrom"
						},
						"2.0": {
							"post": [-144.27194, -50.36074, -143.90337],
							"lerp_mode": "catmullrom"
						},
						"2.6667": {
							"post": [0, 0, 0],
							"lerp_mode": "catmullrom"
						}
					}
				},
				"wrist_right": {
					"rotation": {
						"0.0": {
							"post": [0, 0, 0],
							"lerp_mode": "catmullrom"
						},
						"0.5": {
							"post": [-2.11723, 26.3768, 9.4362],
							"lerp_mode": "catmullrom"
						},
						"1.1667": {
							"post": [-2.11723, 26.3768, 9.4362],
							"lerp_mode": "catmullrom"
						},
						"2.0": {
							"post": [-2.11723, 26.3768, 9.4362],
							"lerp_mode": "catmullrom"
						},
						"2.6667": {
							"post": [0, 0, 0],
							"lerp_mode": "catmullrom"
						}
					}
				},
				"shoulder_left": {
					"rotation": {
						"0.0": {
							"post": [0, 0, 0],
							"lerp_mode": "catmullrom"
						},
						"0.5": {
							"post": [11.41375, 35.92332, -22.46207],
							"lerp_mode": "catmullrom"
						},
						"1.0": {
							"post": [11.41375, 35.92332, -22.46207],
							"lerp_mode": "catmullrom"
						},
						"1.1667": {
							"post": [11.41375, 35.92332, -22.46207],
							"lerp_mode": "catmullrom"
						},
						"1.5": {
							"post": [-2.85579, 41.89002, 8.30493],
							"lerp_mode": "catmullrom"
						},
						"2.0": {
							"post": [-5.82296, 47.54368, 17.07307],
							"lerp_mode": "catmullrom"
						},
						"2.6667": {
							"post": [0, 0, 0],
							"lerp_mode": "catmullrom"
						}
					},
					"position": {
						"0.0": {
							"post": [0, 0, 0],
							"lerp_mode": "catmullrom"
						},
						"1.0": {
							"post": [0, 0, 0],
							"lerp_mode": "catmullrom"
						},
						"1.1667": {
							"post": [0, 0, 0],
							"lerp_mode": "catmullrom"
						},
						"1.5": {
							"post": [0, 0, 2],
							"lerp_mode": "catmullrom"
						},
						"2.0": {
							"post": [0, 0, 2],
							"lerp_mode": "catmullrom"
						},
						"2.6667": {
							"post": [0, 0, 0],
							"lerp_mode": "catmullrom"
						}
					}
				},
				"bicep_left": {
					"rotation": {
						"0.0": {
							"post": [0, 0, 0],
							"lerp_mode": "catmullrom"
						},
						"0.5": {
							"post": [1.14151, 9.99247, 2.38386],
							"lerp_mode": "catmullrom"
						},
						"1.1667": {
							"post": [0.68566, -7.44904, 3.88961],
							"lerp_mode": "catmullrom"
						},
						"1.5": {
							"post": [-0.96817, 4.98453, 7.889],
							"lerp_mode": "catmullrom"
						},
						"2.0": {
							"post": [-6.19379, 1.66763, 22.62878],
							"lerp_mode": "catmullrom"
						},
						"2.6667": {
							"post": [0, 0, 0],
							"lerp_mode": "catmullrom"
						}
					}
				},
				"forearm_left": {
					"rotation": {
						"0.0": {
							"post": [0, 0, 0],
							"lerp_mode": "catmullrom"
						},
						"0.5": {
							"post": [8.17376, 37.67609, -10.76218],
							"lerp_mode": "catmullrom"
						},
						"0.8333": {
							"post": [10.8309, 33.18947, -14.21648],
							"lerp_mode": "catmullrom"
						},
						"1.1667": {
							"post": [10.8309, 33.18947, -14.21648],
							"lerp_mode": "catmullrom"
						},
						"1.5": {
							"post": [7.26886, 52.08762, -17.09028],
							"lerp_mode": "catmullrom"
						},
						"2.0": {
							"post": [7.9832, 49.8101, -18.3446],
							"lerp_mode": "catmullrom"
						},
						"2.6667": {
							"post": [0, 0, 0],
							"lerp_mode": "catmullrom"
						}
					},
					"position": {
						"0.0": {
							"post": [0, 0, 0],
							"lerp_mode": "catmullrom"
						},
						"1.5": {
							"post": [0, 0, -1],
							"lerp_mode": "catmullrom"
						},
						"2.6667": {
							"post": [0, 0, 0],
							"lerp_mode": "catmullrom"
						}
					}
				},
				"wrist_left": {
					"rotation": {
						"0.0": {
							"post": [0, 0, 0],
							"lerp_mode": "catmullrom"
						},
						"0.5": {
							"post": [-1.14336, 3.69649, 8.10754],
							"lerp_mode": "catmullrom"
						},
						"0.8333": {
							"post": [1.41121, -1.31933, 7.58996],
							"lerp_mode": "catmullrom"
						},
						"1.1667": {
							"post": [-1.14336, 3.69649, 8.10754],
							"lerp_mode": "catmullrom"
						},
						"1.5": {
							"post": [-28.55921, -13.90496, -14.16023],
							"lerp_mode": "catmullrom"
						},
						"2.0": {
							"post": [-25.29671, 22.02927, 7.33877],
							"lerp_mode": "catmullrom"
						},
						"2.6667": {
							"post": [0, 0, 0],
							"lerp_mode": "catmullrom"
						}
					}
				},
				"middle_left": {
					"rotation": {
						"0.0": {
							"post": [0, 0, 0],
							"lerp_mode": "catmullrom"
						},
						"0.5": {
							"post": [0, -20, 0],
							"lerp_mode": "catmullrom"
						},
						"2.0": {
							"post": [0, -20, 0],
							"lerp_mode": "catmullrom"
						},
						"2.6667": {
							"post": [0, 0, 0],
							"lerp_mode": "catmullrom"
						}
					}
				},
				"ring_left": {
					"rotation": {
						"0.0": {
							"post": [0, 0, 0],
							"lerp_mode": "catmullrom"
						},
						"0.5": {
							"post": [0, -27.5, 0],
							"lerp_mode": "catmullrom"
						},
						"2.0": {
							"post": [0, -27.5, 0],
							"lerp_mode": "catmullrom"
						},
						"2.6667": {
							"post": [0, 0, 0],
							"lerp_mode": "catmullrom"
						}
					}
				},
				"pinky_left": {
					"rotation": {
						"0.0": {
							"post": [0, 0, 0],
							"lerp_mode": "catmullrom"
						},
						"0.5": {
							"post": [0, -15, 0],
							"lerp_mode": "catmullrom"
						},
						"2.0": {
							"post": [0, -15, 0],
							"lerp_mode": "catmullrom"
						},
						"2.6667": {
							"post": [0, 0, 0],
							"lerp_mode": "catmullrom"
						}
					}
				},
				"head": {
					"rotation": {
						"0.0": {
							"post": [0, 0, 0],
							"lerp_mode": "catmullrom"
						},
						"1.1667": {
							"post": [0, 0, 0],
							"lerp_mode": "catmullrom"
						},
						"1.5": {
							"post": [-20.28592, -52.30155, 25.03987],
							"lerp_mode": "catmullrom"
						},
						"2.0": {
							"post": [-20.28592, -52.30155, 25.03987],
							"lerp_mode": "catmullrom"
						},
						"2.6667": {
							"post": [0, 0, 0],
							"lerp_mode": "catmullrom"
						}
					},
					"position": {
						"0.0": {
							"post": [0, 0, 0],
							"lerp_mode": "catmullrom"
						},
						"1.1667": {
							"post": [0, 0, 0],
							"lerp_mode": "catmullrom"
						},
						"1.5": {
							"post": [0, -1, 0],
							"lerp_mode": "catmullrom"
						},
						"2.0": {
							"post": [0, -1, 0],
							"lerp_mode": "catmullrom"
						},
						"2.6667": {
							"post": [0, 0, 0],
							"lerp_mode": "catmullrom"
						}
					}
				},
				"tail_1": {
					"rotation": {
						"0.0": {
							"post": [0, 0, 0],
							"lerp_mode": "catmullrom"
						},
						"0.5": {
							"post": [-18.84825, 11.83747, -12.17553],
							"lerp_mode": "catmullrom"
						},
						"2.0": {
							"post": [-18.84825, 11.83747, -12.17553],
							"lerp_mode": "catmullrom"
						},
						"2.6667": {
							"post": [0, 0, 0],
							"lerp_mode": "catmullrom"
						}
					}
				},
				"tail_3": {
					"rotation": {
						"0.0": {
							"post": [0, 0, 0],
							"lerp_mode": "catmullrom"
						},
						"0.5": {
							"post": [-6.81098, -0.54996, 3.1264],
							"lerp_mode": "catmullrom"
						},
						"2.0": {
							"post": [-6.81098, -0.54996, 3.1264],
							"lerp_mode": "catmullrom"
						},
						"2.6667": {
							"post": [0, 0, 0],
							"lerp_mode": "catmullrom"
						}
					}
				},
				"tail_4": {
					"rotation": {
						"0.0": {
							"post": [0, 0, 0],
							"lerp_mode": "catmullrom"
						},
						"0.5": {
							"post": [-12.5, 0, 12.5],
							"lerp_mode": "catmullrom"
						},
						"2.0": {
							"post": [-12.5, 0, 12.5],
							"lerp_mode": "catmullrom"
						},
						"2.6667": {
							"post": [0, 0, 0],
							"lerp_mode": "catmullrom"
						}
					}
				},
				"tail_5": {
					"rotation": {
						"0.0": {
							"post": [0, 0, 0],
							"lerp_mode": "catmullrom"
						},
						"0.5": {
							"post": [-10, 12.5, 0],
							"lerp_mode": "catmullrom"
						},
						"2.0": {
							"post": [-10, 12.5, 0],
							"lerp_mode": "catmullrom"
						},
						"2.6667": {
							"post": [0, 0, 0],
							"lerp_mode": "catmullrom"
						}
					}
				},
				"tail_6": {
					"rotation": {
						"0.0": {
							"post": [0, 0, 0],
							"lerp_mode": "catmullrom"
						},
						"2.6667": {
							"post": [0, 0, 0],
							"lerp_mode": "catmullrom"
						}
					}
				},
				"tail_7": {
					"rotation": {
						"0.0": {
							"post": [0, 0, 0],
							"lerp_mode": "catmullrom"
						},
						"0.5": {
							"post": [-20, 0, 0],
							"lerp_mode": "catmullrom"
						},
						"2.6667": {
							"post": [0, 0, 0],
							"lerp_mode": "catmullrom"
						}
					}
				},
				"tip_8": {
					"rotation": {
						"0.0": {
							"post": [0, 0, 0],
							"lerp_mode": "catmullrom"
						},
						"0.5": {
							"post": [-30, 0, 0],
							"lerp_mode": "catmullrom"
						},
						"2.6667": {
							"post": [0, 0, 0],
							"lerp_mode": "catmullrom"
						}
					}
				},
				"thumbleft2": {
					"rotation": {
						"0.0": {
							"post": [0, 0, 0],
							"lerp_mode": "catmullrom"
						},
						"0.5": {
							"post": [62.5, 0, 0],
							"lerp_mode": "catmullrom"
						},
						"2.0": {
							"post": [62.5, 0, 0],
							"lerp_mode": "catmullrom"
						},
						"2.6667": {
							"post": [0, 0, 0],
							"lerp_mode": "catmullrom"
						}
					}
				},
				"midleft2": {
					"rotation": {
						"0.0": {
							"post": [0, 0, 0],
							"lerp_mode": "catmullrom"
						},
						"0.5": {
							"post": [0, -72.5, 0],
							"lerp_mode": "catmullrom"
						},
						"2.0": {
							"post": [0, -72.5, 0],
							"lerp_mode": "catmullrom"
						},
						"2.6667": {
							"post": [0, 0, 0],
							"lerp_mode": "catmullrom"
						}
					}
				},
				"ringleft2": {
					"rotation": {
						"0.0": {
							"post": [0, 0, 0],
							"lerp_mode": "catmullrom"
						},
						"0.5": {
							"post": [0, -87.5, 0],
							"lerp_mode": "catmullrom"
						},
						"2.0": {
							"post": [0, -87.5, 0],
							"lerp_mode": "catmullrom"
						},
						"2.6667": {
							"post": [0, 0, 0],
							"lerp_mode": "catmullrom"
						}
					}
				},
				"pinkleft2": {
					"rotation": {
						"0.0": {
							"post": [0, 0, 0],
							"lerp_mode": "catmullrom"
						},
						"0.5": {
							"post": [0, -80, 0],
							"lerp_mode": "catmullrom"
						},
						"2.0": {
							"post": [0, -80, 0],
							"lerp_mode": "catmullrom"
						},
						"2.6667": {
							"post": [0, 0, 0],
							"lerp_mode": "catmullrom"
						}
					},
					"position": {
						"0.0": {
							"post": [0, 0, 0],
							"lerp_mode": "catmullrom"
						},
						"0.5": {
							"post": [0.5, 0, 0],
							"lerp_mode": "catmullrom"
						},
						"2.0": {
							"post": [0.5, 0, 0],
							"lerp_mode": "catmullrom"
						},
						"2.6667": {
							"post": [0, 0, 0],
							"lerp_mode": "catmullrom"
						}
					}
				},
				"thumb_left": {
					"rotation": {
						"0.0": {
							"post": [0, 0, 0],
							"lerp_mode": "catmullrom"
						},
						"0.5": {
							"post": [20, 0, 0],
							"lerp_mode": "catmullrom"
						},
						"2.0": {
							"post": [20, 0, 0],
							"lerp_mode": "catmullrom"
						},
						"2.6667": {
							"post": [0, 0, 0],
							"lerp_mode": "catmullrom"
						}
					}
				},
				"index_left": {
					"rotation": {
						"0.0": {
							"post": [0, 0, 0],
							"lerp_mode": "catmullrom"
						},
						"0.5": {
							"post": [0, 67.5, 0],
							"lerp_mode": "catmullrom"
						},
						"2.0": {
							"post": [0, 67.5, 0],
							"lerp_mode": "catmullrom"
						},
						"2.6667": {
							"post": [0, 0, 0],
							"lerp_mode": "catmullrom"
						}
					}
				},
				"indexleft2": {
					"rotation": {
						"0.0": {
							"post": [0, 0, 0],
							"lerp_mode": "catmullrom"
						},
						"0.5": {
							"post": [0, 27.5, 0],
							"lerp_mode": "catmullrom"
						},
						"2.0": {
							"post": [0, 27.5, 0],
							"lerp_mode": "catmullrom"
						},
						"2.6667": {
							"post": [0, 0, 0],
							"lerp_mode": "catmullrom"
						}
					},
					"position": {
						"0.0": [0, 0, 0],
						"0.5": [0, 0, -0.1],
						"2.0": [0, 0, -0.1],
						"2.6667": [0, 0, 0]
					}
				}
			}
		},
		"animation.tornadus2.quirk": {
			"animation_length": 3.5,
			"bones": {
				"mainthing": {
					"position": {
						"0.0": {
							"post": [0, 0, 0],
							"lerp_mode": "catmullrom"
						},
						"0.5": {
							"post": [0, 2, 0],
							"lerp_mode": "catmullrom"
						},
						"1.0": {
							"post": [0, 2, 0],
							"lerp_mode": "catmullrom"
						},
						"1.5": {
							"post": [0, 2, 0],
							"lerp_mode": "catmullrom"
						},
						"2.0": {
							"post": [0, 2, 0],
							"lerp_mode": "catmullrom"
						},
						"3.5": {
							"post": [0, 0, 0],
							"lerp_mode": "catmullrom"
						}
					}
				},
				"upperbody": {
					"rotation": {
						"0.0": {
							"post": [0, 0, 0],
							"lerp_mode": "catmullrom"
						},
						"1.0": {
							"post": [0, 0, 0],
							"lerp_mode": "catmullrom"
						},
						"1.5": {
							"post": [0, -37.5, 0],
							"lerp_mode": "catmullrom"
						},
						"2.0": {
							"post": [0, -37.5, 0],
							"lerp_mode": "catmullrom"
						},
						"2.5": {
							"post": [20, -2.5, 0],
							"lerp_mode": "catmullrom"
						},
						"3.0": {
							"post": [20, -2.5, 0],
							"lerp_mode": "catmullrom"
						},
						"3.5": {
							"post": [0, 0, 0],
							"lerp_mode": "catmullrom"
						}
					},
					"position": {
						"0.0": {
							"post": [0, 0, 0],
							"lerp_mode": "catmullrom"
						},
						"2.5": {
							"post": [0, 0, -1],
							"lerp_mode": "catmullrom"
						},
						"3.0": {
							"post": [0, 0, -1],
							"lerp_mode": "catmullrom"
						},
						"3.5": {
							"post": [0, 0, 0],
							"lerp_mode": "catmullrom"
						}
					}
				},
				"torso": {
					"rotation": {
						"0.0": {
							"post": [0, 0, 0],
							"lerp_mode": "catmullrom"
						},
						"0.5": {
							"post": [-12.5, 0, 0],
							"lerp_mode": "catmullrom"
						},
						"1.0": {
							"post": [-12.5, 0, 0],
							"lerp_mode": "catmullrom"
						},
						"1.5": {
							"post": [0, -17.5, 0],
							"lerp_mode": "catmullrom"
						},
						"2.0": {
							"post": [0, -17.5, 0],
							"lerp_mode": "catmullrom"
						},
						"2.5": {
							"post": [0, 0.19, 0],
							"lerp_mode": "catmullrom"
						},
						"3.0": {
							"post": [0, 0.19, 0],
							"lerp_mode": "catmullrom"
						},
						"3.5": {
							"post": [0, 0, 0],
							"lerp_mode": "catmullrom"
						}
					},
					"position": {
						"0.0": {
							"post": [0, 0, 0],
							"lerp_mode": "catmullrom"
						},
						"0.5": {
							"post": [0, -1, 0],
							"lerp_mode": "catmullrom"
						},
						"1.0": {
							"post": [0, -1, 0],
							"lerp_mode": "catmullrom"
						},
						"1.5": {
							"post": [0, -1, 0],
							"lerp_mode": "catmullrom"
						},
						"2.0": {
							"post": [0, -1, 0],
							"lerp_mode": "catmullrom"
						},
						"3.5": {
							"post": [0, 0, 0],
							"lerp_mode": "catmullrom"
						}
					}
				},
				"arm_right": {
					"rotation": {
						"0.0": [0, 0, 0],
						"0.5": [16.98216, -14.98328, -49.74943],
						"1.0": [16.98216, -14.98328, -49.74943],
						"1.5": [16.98216, -14.98328, -49.74943],
						"2.0": [16.98216, -14.98328, -49.74943],
						"3.0": [16.98216, -14.98328, -49.74943],
						"3.5": [0, 0, 0]
					}
				},
				"shoulder_right": {
					"rotation": {
						"0.0": [0, 0, 0],
						"0.5": [-38.09836, -52.19569, -10.59801],
						"1.0": [-38.09836, -52.19569, -10.59801],
						"1.5": [64.91351, -17.06891, 125.75116],
						"2.0": [64.91351, -17.06891, 125.75116],
						"2.5": [27.10317, -12.2373, 80.65881],
						"3.0": [27.10317, -12.2373, 80.65881],
						"3.5": [0, 0, 0]
					},
					"position": {
						"0.0": [0, 0, 0],
						"0.5": [0, 0, -1],
						"1.0": [0, 0, -1],
						"1.5": [0, -1, -1],
						"2.0": [0, -1, -1],
						"2.5": [1, -0.67, -0.67],
						"3.0": [1, -0.67, -0.67],
						"3.5": [0, 0, 0]
					}
				},
				"bicep_right": {
					"rotation": {
						"0.0": [0, 0, 0],
						"0.5": [-96.04711, -21.46111, -42.46794],
						"1.0": [-96.04711, -21.46111, -42.46794],
						"1.5": [-95.62546, 6.13406, -43.21978],
						"2.0": [-95.62546, 6.13406, -43.21978],
						"2.5": [-89.79087, -22.03727, -29.21028],
						"3.0": [-89.79087, -22.03727, -29.21028],
						"3.5": [0, 0, 0]
					},
					"position": {
						"0.0": [0, 0, 0],
						"0.5": [0, -0.5, 0],
						"1.0": [0, -0.5, 0],
						"1.5": [0, -1, -1],
						"2.0": [0, -1, -1],
						"2.5": [0, 0.33, -0.67],
						"3.0": [0, 0.33, -0.67],
						"3.5": [0, 0, 0]
					}
				},
				"forearm_right": {
					"rotation": {
						"0.0": [0, 0, 0],
						"0.5": [-24.58534, -17.84677, 51.17054],
						"1.0": [-24.58534, -17.84677, 51.17054],
						"1.5": [-59.33406, -109.33522, -94.81321],
						"2.0": [-59.33406, -109.33522, -94.81321],
						"2.5": [-67.92997, -80.14271, -80.43778],
						"3.0": [-67.92997, -80.14271, -80.43778],
						"3.5": [0, 0, 0]
					},
					"position": {
						"0.0": [0, 0, 0],
						"0.5": [0, -1, 0],
						"1.0": [0, -1, 0],
						"1.5": [0, 0.25, 1],
						"2.0": [0, 0.25, 1],
						"3.5": [0, 0, 0]
					}
				},
				"wrist_right": {
					"rotation": {
						"0.0": [0, 0, 0],
						"0.5": [-56.7655, 11.75167, 15.72207],
						"1.0": [-56.7655, 11.75167, 15.72207],
						"1.5": [1.46489, 13.34342, 0.78851],
						"2.0": [1.46489, 13.34342, 0.78851],
						"2.5": [1.46489, 13.34342, 0.78851],
						"3.0": [1.46489, 13.34342, 0.78851],
						"3.5": [0, 0, 0]
					}
				},
				"hand_right": {
					"rotation": {
						"0.0": [0, 0, 0],
						"0.5": [0, 17.5, 0],
						"1.0": [0, 17.5, 0],
						"1.5": [0, 12.5, 0],
						"2.0": [0, 12.5, 0],
						"3.5": [0, 0, 0]
					}
				},
				"thumb_right": {
					"rotation": {
						"0.0": [0, 0, 0],
						"0.5": [17.67066, 8.0592, -18.32028],
						"1.0": [17.67066, 8.0592, -18.32028],
						"1.5": [17.67066, 8.0592, -18.32028],
						"2.0": [17.67066, 8.0592, -18.32028],
						"2.5": [17.67066, 8.0592, -18.32028],
						"3.0": [17.67066, 8.0592, -18.32028],
						"3.5": [0, 0, 0]
					}
				},
				"rthumb_tip": {
					"rotation": {
						"0.0": [0, 0, 0],
						"0.5": [22.5, 0, 0],
						"1.0": [22.5, 0, 0],
						"1.5": [22.5, 0, 0],
						"2.0": [22.5, 0, 0],
						"2.5": [22.5, 0, 0],
						"3.0": [22.5, 0, 0],
						"3.5": [0, 0, 0]
					}
				},
				"index_right": {
					"rotation": {
						"0.0": [0, 0, 0],
						"0.5": [0, 5, 0],
						"1.0": [0, 5, 0],
						"1.5": [0, -35, 0],
						"2.0": [0, -35, 0],
						"2.5": [0, 5, 0],
						"3.0": [0, 5, 0],
						"3.5": [0, 0, 0]
					}
				},
				"Rindex_tip": {
					"rotation": {
						"0.0": [0, 0, 0],
						"0.5": [0, 65, 0],
						"1.0": [0, 65, 0],
						"1.5": [0, 25, 0],
						"2.0": [0, 25, 0],
						"2.5": [0, 65, 0],
						"3.0": [0, 65, 0],
						"3.5": [0, 0, 0]
					}
				},
				"middle_right": {
					"rotation": {
						"0.0": [0, 0, 0],
						"0.5": [0, 12.5, 0],
						"1.0": [0, 12.5, 0],
						"1.5": [0, -27.5, 0],
						"2.0": [0, -27.5, 0],
						"2.5": [0, 12.5, 0],
						"3.0": [0, 12.5, 0],
						"3.5": [0, 0, 0]
					}
				},
				"Rmiddle_tip": {
					"rotation": {
						"0.0": [0, 0, 0],
						"0.5": [21.32038, 75.73781, 15.29151],
						"1.0": [21.32038, 75.73781, 15.29151],
						"1.5": [5.247, 11.63029, -4.3677],
						"2.0": [5.247, 11.63029, -4.3677],
						"2.5": [21.32038, 75.73781, 15.29151],
						"3.0": [21.32038, 75.73781, 15.29151],
						"3.5": [0, 0, 0]
					},
					"position": {
						"0.0": [0, 0, 0],
						"1.5": [0, 0, 0],
						"2.0": [0, 0, 0],
						"3.5": [0, 0, 0]
					}
				},
				"ring_right": {
					"rotation": {
						"0.0": [0, 0, 0],
						"0.5": [0, 17.5, 0],
						"1.0": [0, 17.5, 0],
						"1.5": [0, -30, 0],
						"2.0": [0, -30, 0],
						"2.5": [0, 17.5, 0],
						"3.0": [0, 17.5, 0],
						"3.5": [0, 0, 0]
					}
				},
				"Rring_tip": {
					"rotation": {
						"0.0": [0, 0, 0],
						"0.5": [0, 40, 0],
						"1.0": [0, 40, 0],
						"1.5": [0, 22.5, 0],
						"2.0": [0, 22.5, 0],
						"2.5": [0, 40, 0],
						"3.0": [0, 40, 0],
						"3.5": [0, 0, 0]
					}
				},
				"pinky_right": {
					"rotation": {
						"0.0": [0, 0, 0],
						"0.5": [0, 15, 0],
						"1.0": [0, 15, 0],
						"1.5": [0, -30, 0],
						"2.0": [0, -30, 0],
						"2.5": [0, 15, 0],
						"3.0": [0, 15, 0],
						"3.5": [0, 0, 0]
					}
				},
				"Rpinky_right": {
					"rotation": {
						"0.0": [0, 0, 0],
						"0.5": [0, 60, 0],
						"1.0": [0, 60, 0],
						"1.5": [0, 15, 0],
						"2.0": [0, 15, 0],
						"2.5": [0, 60, 0],
						"3.0": [0, 60, 0],
						"3.5": [0, 0, 0]
					}
				},
				"shoulder_left": {
					"rotation": {
						"0.0": [0, 0, 0],
						"0.5": [-40.059, 61.94246, 64.30172],
						"1.0": [-40.059, 61.94246, 64.30172],
						"1.5": [26.70193, 67.06169, -17.42234],
						"2.0": [26.70193, 67.06169, -17.42234],
						"2.5": [-16.24493, 19.51236, 7.81181],
						"3.0": [-16.24493, 19.51236, 7.81181],
						"3.5": [0, 0, 0]
					},
					"position": {
						"0.0": [0, 0, 0],
						"0.5": [-1, -0.5, -0.7],
						"1.0": [-1, -0.5, -0.7],
						"1.5": [-1, -0.5, 0.3],
						"2.0": [-1, -0.5, 0.3],
						"2.5": [-0.67, -0.33, -0.8],
						"3.0": [-0.67, -0.33, -0.8],
						"3.5": [0, 0, 0]
					}
				},
				"bicep_left": {
					"rotation": {
						"0.0": [0, 0, 0],
						"0.5": [-88.72526, 12.07608, 24.19559],
						"1.0": [-88.72526, 12.07608, 24.19559],
						"1.5": [-90.05174, 13.17638, 36.71744],
						"2.0": [-90.05174, 13.17638, 36.71744],
						"2.5": [-90.05174, 13.17638, 36.71744],
						"3.0": [-90.05174, 13.17638, 36.71744],
						"3.5": [0, 0, 0]
					},
					"position": {
						"0.0": [0, 0, 0],
						"0.5": [0, 0, -1],
						"1.0": [0, 0, -1],
						"1.5": [0, 0, -1],
						"2.0": [0, 0, -1],
						"2.5": [0, 0, -1],
						"3.0": [0, 0, -1],
						"3.5": [0, 0, 0]
					}
				},
				"forearm_left": {
					"rotation": {
						"0.0": [0, 0, 0],
						"0.5": [262.34598, 11.14607, -351.19338],
						"1.0": [262.34598, 11.14607, -351.19338],
						"1.5": [-161.27276, 14.86739, 95.53949],
						"2.0": [-161.27276, 14.86739, 95.53949],
						"2.5": [-188.53617, 95.54023, 150.94913],
						"3.0": [-188.53617, 95.54023, 150.94913],
						"3.5": [0, 0, 0]
					},
					"position": {
						"0.0": [0, 0, 0],
						"0.5": [0, -1, 1],
						"1.0": [0, -1, 1],
						"1.5": [0, -1, 0],
						"2.0": [0, -1, 0],
						"2.5": [2, 1, 0],
						"3.0": [2, 1, 0],
						"3.5": [0, 0, 0]
					}
				},
				"hand_left": {
					"rotation": {
						"0.0": [0, 0, 0],
						"0.5": [-9.60636, -7.78364, 1.33793],
						"1.0": [-9.60636, -7.78364, 1.33793],
						"1.5": [-9.60636, -7.78364, 1.33793],
						"2.0": [-9.60636, -7.78364, 1.33793],
						"2.5": [-9.60636, -7.78364, 1.33793],
						"3.0": [-9.60636, -7.78364, 1.33793],
						"3.5": [0, 0, 0]
					}
				},
				"thumb_left": {
					"rotation": {
						"0.0": [0, 0, 0],
						"0.5": [0, 0, 35],
						"1.0": [0, 0, 35],
						"1.5": [0, 0, 35],
						"2.0": [0, 0, 35],
						"2.5": [0, 0, 35],
						"3.0": [0, 0, 35],
						"3.5": [0, 0, 0]
					},
					"position": {
						"0.5": [0, 0, 0],
						"1.0": [0, 0, 0],
						"1.5": [0, 0, 0],
						"2.0": [0, 0, 0],
						"2.5": [0, 0, 0],
						"3.0": [0, 0, 0]
					}
				},
				"thumbleft2": {
					"rotation": {
						"0.0": [0, 0, 0],
						"0.5": [65, 0, 0],
						"1.0": [65, 0, 0],
						"1.5": [65, 0, 0],
						"2.0": [65, 0, 0],
						"2.5": [65, 0, 0],
						"3.0": [65, 0, 0],
						"3.5": [0, 0, 0]
					}
				},
				"index_left": {
					"rotation": {
						"0.0": [0, 0, 0],
						"0.5": [0, -22.5, 0],
						"1.0": [0, -22.5, 0],
						"1.5": [0, -22.5, 0],
						"2.0": [0, -22.5, 0],
						"2.5": [0, -22.5, 0],
						"3.0": [0, -22.5, 0],
						"3.5": [0, 0, 0]
					}
				},
				"indexleft2": {
					"rotation": {
						"0.0": [0, 0, 0],
						"0.5": [0, -57.5, 0],
						"1.0": [0, -57.5, 0],
						"1.5": [0, -57.5, 0],
						"2.0": [0, -57.5, 0],
						"2.5": [0, -57.5, 0],
						"3.0": [0, -57.5, 0],
						"3.5": [0, 0, 0]
					}
				},
				"middle_left": {
					"rotation": {
						"0.0": [0, 0, 0],
						"0.5": [0, -27.5, 0],
						"1.0": [0, -27.5, 0],
						"1.5": [0, -27.5, 0],
						"2.0": [0, -27.5, 0],
						"2.5": [0, -27.5, 0],
						"3.0": [0, -27.5, 0],
						"3.5": [0, 0, 0]
					}
				},
				"midleft2": {
					"rotation": {
						"0.0": [0, 0, 0],
						"0.5": [0, -55, 0],
						"1.0": [0, -55, 0],
						"1.5": [0, -55, 0],
						"2.0": [0, -55, 0],
						"2.5": [0, -55, 0],
						"3.0": [0, -55, 0],
						"3.5": [0, 0, 0]
					},
					"position": {
						"0.0": [0, 0, 0],
						"0.5": [1, 0, -1],
						"1.0": [1, 0, -1],
						"1.5": [1, 0, -1],
						"2.0": [1, 0, -1],
						"2.5": [1, 0, -1],
						"3.0": [1, 0, -1],
						"3.5": [0, 0, 0]
					}
				},
				"ring_left": {
					"rotation": {
						"0.0": [0, 0, 0],
						"0.5": [0, -17.5, 0],
						"1.0": [0, -17.5, 0],
						"1.5": [0, -17.5, 0],
						"2.0": [0, -17.5, 0],
						"2.5": [0, -17.5, 0],
						"3.0": [0, -17.5, 0],
						"3.5": [0, 0, 0]
					}
				},
				"ringleft2": {
					"rotation": {
						"0.0": [0, 0, 0],
						"0.5": [0, -77.5, 0],
						"1.0": [0, -77.5, 0],
						"1.5": [0, -77.5, 0],
						"2.0": [0, -77.5, 0],
						"2.5": [0, -77.5, 0],
						"3.0": [0, -77.5, 0],
						"3.5": [0, 0, 0]
					}
				},
				"pinky_left": {
					"rotation": {
						"0.0": [0, 0, 0],
						"0.5": [0, -22.5, 0],
						"1.0": [0, -22.5, 0],
						"1.5": [0, -22.5, 0],
						"2.0": [0, -22.5, 0],
						"2.5": [0, -22.5, 0],
						"3.0": [0, -22.5, 0],
						"3.5": [0, 0, 0]
					}
				},
				"pinkleft2": {
					"rotation": {
						"0.0": [0, 0, 0],
						"0.5": [0, -90, 0],
						"1.0": [0, -90, 0],
						"1.5": [0, -90, 0],
						"2.0": [0, -90, 0],
						"2.5": [0, -90, 0],
						"3.0": [0, -90, 0],
						"3.5": [0, 0, 0]
					}
				},
				"head": {
					"rotation": {
						"0.0": {
							"post": [5, 0, 0],
							"lerp_mode": "catmullrom"
						},
						"0.5": {
							"post": [-12.5, 0, 0],
							"lerp_mode": "catmullrom"
						},
						"0.75": {
							"post": [-2.5, 0, 0],
							"lerp_mode": "catmullrom"
						},
						"1.0": {
							"post": [-12.5, 0, 0],
							"lerp_mode": "catmullrom"
						},
						"1.5": {
							"post": [11.00966, 24.59477, 4.62934],
							"lerp_mode": "catmullrom"
						},
						"2.0": {
							"post": [11.00966, 24.59477, 4.62934],
							"lerp_mode": "catmullrom"
						},
						"2.5": {
							"post": [-18.39322, 1.99781, 2.04869],
							"lerp_mode": "catmullrom"
						},
						"2.5833": {
							"post": [-22.86553, 0.71324, 1.92306],
							"lerp_mode": "catmullrom"
						},
						"2.6667": {
							"post": [-18.39322, 1.99781, 2.04869],
							"lerp_mode": "catmullrom"
						},
						"2.75": {
							"post": [-18.39322, 1.99781, 2.04869],
							"lerp_mode": "catmullrom"
						},
						"2.8333": {
							"post": [-22.86553, 0.71324, 1.92306],
							"lerp_mode": "catmullrom"
						},
						"2.9167": {
							"post": [-18.39322, 1.99781, 2.04869],
							"lerp_mode": "catmullrom"
						},
						"3.0": {
							"post": [-18.39322, 1.99781, 2.04869],
							"lerp_mode": "catmullrom"
						},
						"3.5": [5, 0, 0]
					},
					"position": {
						"0.0": {
							"post": [0, 0, 0],
							"lerp_mode": "catmullrom"
						},
						"2.0": {
							"post": [0, 0, 0],
							"lerp_mode": "catmullrom"
						},
						"2.5": {
							"post": [0, -1, 0],
							"lerp_mode": "catmullrom"
						},
						"3.0": {
							"post": [0, -1, 0],
							"lerp_mode": "catmullrom"
						},
						"3.5": [0, 0, 0]
					}
				},
				"tail_1": {
					"rotation": {
						"0.0": {
							"post": [0, 0, 0],
							"lerp_mode": "catmullrom"
						},
						"0.5": {
							"post": [-18.84825, 11.83747, -12.17553],
							"lerp_mode": "catmullrom"
						},
						"3.0": {
							"post": [-18.84825, 11.83747, -12.17553],
							"lerp_mode": "catmullrom"
						},
						"3.5": {
							"post": [0, 0, 0],
							"lerp_mode": "catmullrom"
						}
					}
				},
				"tail_3": {
					"rotation": {
						"0.0": {
							"post": [0, 0, 0],
							"lerp_mode": "catmullrom"
						},
						"0.5": {
							"post": [-6.81098, -0.54996, 3.1264],
							"lerp_mode": "catmullrom"
						},
						"3.0": {
							"post": [-6.81098, -0.54996, 3.1264],
							"lerp_mode": "catmullrom"
						},
						"3.5": {
							"post": [0, 0, 0],
							"lerp_mode": "catmullrom"
						}
					}
				},
				"tail_4": {
					"rotation": {
						"0.0": {
							"post": [0, 0, 0],
							"lerp_mode": "catmullrom"
						},
						"0.5": {
							"post": [-12.5, 0, 12.5],
							"lerp_mode": "catmullrom"
						},
						"3.0": {
							"post": [-12.5, 0, 12.5],
							"lerp_mode": "catmullrom"
						},
						"3.5": {
							"post": [0, 0, 0],
							"lerp_mode": "catmullrom"
						}
					}
				},
				"tail_5": {
					"rotation": {
						"0.0": {
							"post": [0, 0, 0],
							"lerp_mode": "catmullrom"
						},
						"0.5": {
							"post": [-10, 12.5, 0],
							"lerp_mode": "catmullrom"
						},
						"3.0": {
							"post": [-10, 12.5, 0],
							"lerp_mode": "catmullrom"
						},
						"3.5": {
							"post": [0, 0, 0],
							"lerp_mode": "catmullrom"
						}
					}
				},
				"tail_6": {
					"rotation": {
						"0.0": [0, 0, 0],
						"3.5": [0, 0, 0]
					}
				},
				"tail_7": {
					"rotation": {
						"0.0": [0, 0, 0],
						"0.5": [-20, 0, 0],
						"3.5": [0, 0, 0]
					}
				},
				"tip_8": {
					"rotation": {
						"0.0": [0, 0, 0],
						"0.5": [-30, 0, 0],
						"3.5": [0, 0, 0]
					}
				},
				"wrist_left": {
					"rotation": {
						"0.0": [0, 0, 0],
						"0.5": [-12.93856, 14.94727, 15.1163],
						"1.0": [-12.93856, 14.94727, 15.1163],
						"1.5": [-12.93856, 14.94727, 15.1163],
						"2.0": [-12.93856, 14.94727, 15.1163],
						"2.5": [52.06144, 14.94727, 15.1163],
						"3.0": [52.06144, 14.94727, 15.1163],
						"3.5": [0, 0, 0]
					}
				}
			}
		},
		"animation.tornadus2.faint": {
			"loop": true,
			"animation_length": 3,
			"bones": {
				"arm_right": {
					"rotation": {
						"0.0": {
							"post": [0, 0, 0],
							"lerp_mode": "catmullrom"
						},
						"0.75": {
							"post": [16.98216, -14.98328, -49.74943],
							"lerp_mode": "catmullrom"
						},
						"3.0": {
							"post": [16.98216, -14.98328, -49.74943],
							"lerp_mode": "catmullrom"
						}
					}
				},
				"bicep_right": {
					"rotation": {
						"0.0": {
							"post": [0, 0, 0],
							"lerp_mode": "catmullrom"
						},
						"0.75": {
							"post": [-96.04711, -21.46111, -42.46794],
							"lerp_mode": "catmullrom"
						},
						"3.0": {
							"post": [-96.04711, -21.46111, -42.46794],
							"lerp_mode": "catmullrom"
						}
					},
					"position": {
						"0.0": {
							"post": [0, 0, 0],
							"lerp_mode": "catmullrom"
						},
						"0.75": {
							"post": [0, 0, -1],
							"lerp_mode": "catmullrom"
						},
						"3.0": {
							"post": [0, 0, -1],
							"lerp_mode": "catmullrom"
						}
					}
				},
				"forearm_right": {
					"rotation": {
						"0.0": {
							"post": [0, 0, 0],
							"lerp_mode": "catmullrom"
						},
						"0.75": {
							"post": [133.19634, -57.67501, 213.10634],
							"lerp_mode": "catmullrom"
						},
						"3.0": {
							"post": [133.19634, -57.67501, 213.10634],
							"lerp_mode": "catmullrom"
						}
					},
					"position": {
						"0.0": {
							"post": [0, 0, 0],
							"lerp_mode": "catmullrom"
						},
						"0.75": {
							"post": [0, -1, 0],
							"lerp_mode": "catmullrom"
						},
						"3.0": {
							"post": [0, -1, 0],
							"lerp_mode": "catmullrom"
						}
					}
				},
				"wrist_right": {
					"rotation": {
						"0.0": {
							"post": [0, 0, 0],
							"lerp_mode": "catmullrom"
						},
						"0.75": {
							"post": [8.2345, 11.75167, 15.72207],
							"lerp_mode": "catmullrom"
						},
						"3.0": {
							"post": [8.2345, 11.75167, 15.72207],
							"lerp_mode": "catmullrom"
						}
					}
				},
				"hand_right": {
					"rotation": {
						"0.0": {
							"post": [0, 0, 0],
							"lerp_mode": "catmullrom"
						},
						"0.75": {
							"post": [0, 2.5, 0],
							"lerp_mode": "catmullrom"
						},
						"3.0": {
							"post": [0, 2.5, 0],
							"lerp_mode": "catmullrom"
						}
					}
				},
				"thumb_right": {
					"rotation": {
						"0.0": {
							"post": [0, 0, 0],
							"lerp_mode": "catmullrom"
						},
						"0.75": {
							"post": [-7.32934, 8.0592, -18.32028],
							"lerp_mode": "catmullrom"
						},
						"3.0": {
							"post": [-7.32934, 8.0592, -18.32028],
							"lerp_mode": "catmullrom"
						}
					}
				},
				"rthumb_tip": {
					"rotation": {
						"0.0": {
							"post": [0, 0, 0],
							"lerp_mode": "catmullrom"
						},
						"0.75": {
							"post": [22.5, 0, 0],
							"lerp_mode": "catmullrom"
						},
						"3.0": {
							"post": [22.5, 0, 0],
							"lerp_mode": "catmullrom"
						}
					}
				},
				"index_right": {
					"rotation": {
						"0.0": {
							"post": [0, 0, 0],
							"lerp_mode": "catmullrom"
						},
						"0.75": {
							"post": [0, -67.5, 0],
							"lerp_mode": "catmullrom"
						},
						"3.0": {
							"post": [0, -67.5, 0],
							"lerp_mode": "catmullrom"
						}
					}
				},
				"Rindex_tip": {
					"rotation": {
						"0.0": {
							"post": [0, 0, 0],
							"lerp_mode": "catmullrom"
						},
						"0.75": {
							"post": [0, -17.5, 0],
							"lerp_mode": "catmullrom"
						},
						"3.0": {
							"post": [0, -17.5, 0],
							"lerp_mode": "catmullrom"
						}
					}
				},
				"middle_right": {
					"rotation": {
						"0.0": {
							"post": [0, 0, 0],
							"lerp_mode": "catmullrom"
						},
						"0.75": {
							"post": [0, -95, 0],
							"lerp_mode": "catmullrom"
						},
						"3.0": {
							"post": [0, -95, 0],
							"lerp_mode": "catmullrom"
						}
					}
				},
				"Rmiddle_tip": {
					"rotation": {
						"0.0": {
							"post": [0, 0, 0],
							"lerp_mode": "catmullrom"
						},
						"0.75": {
							"post": [5.14118, 1.67114, -5.27798],
							"lerp_mode": "catmullrom"
						},
						"3.0": {
							"post": [5.14118, 1.67114, -5.27798],
							"lerp_mode": "catmullrom"
						}
					}
				},
				"ring_right": {
					"rotation": {
						"0.0": {
							"post": [0, 0, 0],
							"lerp_mode": "catmullrom"
						},
						"0.75": {
							"post": [0, -82.5, 0],
							"lerp_mode": "catmullrom"
						},
						"3.0": {
							"post": [0, -82.5, 0],
							"lerp_mode": "catmullrom"
						}
					}
				},
				"Rring_tip": {
					"rotation": {
						"0.0": {
							"post": [0, 0, 0],
							"lerp_mode": "catmullrom"
						},
						"0.75": {
							"post": [0, 7.5, 0],
							"lerp_mode": "catmullrom"
						},
						"3.0": {
							"post": [0, 7.5, 0],
							"lerp_mode": "catmullrom"
						}
					}
				},
				"pinky_right": {
					"rotation": {
						"0.0": {
							"post": [0, 0, 0],
							"lerp_mode": "catmullrom"
						},
						"0.75": {
							"post": [0, -105, 0],
							"lerp_mode": "catmullrom"
						},
						"3.0": {
							"post": [0, -105, 0],
							"lerp_mode": "catmullrom"
						}
					}
				},
				"Rpinky_right": {
					"rotation": {
						"0.0": {
							"post": [0, 0, 0],
							"lerp_mode": "catmullrom"
						},
						"0.75": {
							"post": [0, 22.5, 0],
							"lerp_mode": "catmullrom"
						},
						"3.0": {
							"post": [0, 22.5, 0],
							"lerp_mode": "catmullrom"
						}
					}
				},
				"shoulder_left": {
					"rotation": {
						"0.0": {
							"post": [0, 0, 0],
							"lerp_mode": "catmullrom"
						},
						"0.75": {
							"post": [-69.77781, 59.1272, 95.18024],
							"lerp_mode": "catmullrom"
						},
						"3.0": {
							"post": [-69.77781, 59.1272, 95.18024],
							"lerp_mode": "catmullrom"
						}
					},
					"position": {
						"0.0": {
							"post": [0, 0, 0],
							"lerp_mode": "catmullrom"
						},
						"0.75": {
							"post": [-1, -0.5, 0.3],
							"lerp_mode": "catmullrom"
						},
						"3.0": {
							"post": [-1, -0.5, 0.3],
							"lerp_mode": "catmullrom"
						}
					}
				},
				"bicep_left": {
					"rotation": {
						"0.0": {
							"post": [0, 0, 0],
							"lerp_mode": "catmullrom"
						},
						"0.75": {
							"post": [-95.83558, 17.19945, 29.71022],
							"lerp_mode": "catmullrom"
						},
						"3.0": {
							"post": [-95.83558, 17.19945, 29.71022],
							"lerp_mode": "catmullrom"
						}
					},
					"position": {
						"0.0": {
							"post": [0, 0, 0],
							"lerp_mode": "catmullrom"
						},
						"0.75": {
							"post": [0, -1, -1],
							"lerp_mode": "catmullrom"
						},
						"3.0": {
							"post": [0, -1, -1],
							"lerp_mode": "catmullrom"
						}
					}
				},
				"forearm_left": {
					"rotation": {
						"0.0": {
							"post": [0, 0, 0],
							"lerp_mode": "catmullrom"
						},
						"0.75": {
							"post": [164.28222, 72.6418, -151.72971],
							"lerp_mode": "catmullrom"
						},
						"3.0": {
							"post": [164.28222, 72.6418, -151.72971],
							"lerp_mode": "catmullrom"
						}
					},
					"position": {
						"0.0": {
							"post": [0, 0, 0],
							"lerp_mode": "catmullrom"
						},
						"0.75": {
							"post": [1, -1, 0],
							"lerp_mode": "catmullrom"
						},
						"3.0": {
							"post": [1, -1, 0],
							"lerp_mode": "catmullrom"
						}
					}
				},
				"thumb_left": {
					"rotation": {
						"0.0": {
							"post": [0, 0, 0],
							"lerp_mode": "catmullrom"
						},
						"0.75": {
							"post": [-70, 0, 0],
							"lerp_mode": "catmullrom"
						},
						"3.0": {
							"post": [-70, 0, 0],
							"lerp_mode": "catmullrom"
						}
					}
				},
				"index_left": {
					"rotation": {
						"0.0": {
							"post": [0, 0, 0],
							"lerp_mode": "catmullrom"
						},
						"0.75": {
							"post": [0, 15, 0],
							"lerp_mode": "catmullrom"
						},
						"3.0": {
							"post": [0, 15, 0],
							"lerp_mode": "catmullrom"
						}
					}
				},
				"middle_left": {
					"rotation": {
						"0.0": {
							"post": [0, 0, 0],
							"lerp_mode": "catmullrom"
						},
						"0.75": {
							"post": [0, 10, 0],
							"lerp_mode": "catmullrom"
						},
						"3.0": {
							"post": [0, 10, 0],
							"lerp_mode": "catmullrom"
						}
					}
				},
				"ring_left": {
					"rotation": {
						"0.0": {
							"post": [0, 0, 0],
							"lerp_mode": "catmullrom"
						},
						"0.75": {
							"post": [0, 17.5, 0],
							"lerp_mode": "catmullrom"
						},
						"3.0": {
							"post": [0, 17.5, 0],
							"lerp_mode": "catmullrom"
						}
					}
				},
				"pinky_left": {
					"rotation": {
						"0.0": {
							"post": [0, 0, 0],
							"lerp_mode": "catmullrom"
						},
						"0.75": {
							"post": [0, 40, 0],
							"lerp_mode": "catmullrom"
						},
						"3.0": {
							"post": [0, 40, 0],
							"lerp_mode": "catmullrom"
						}
					}
				},
				"head": {
					"rotation": {
						"0.0": {
							"post": [5, 0, 0],
							"lerp_mode": "catmullrom"
						},
						"0.75": {
							"post": [-33.74538, 24.3683, -5.7632],
							"lerp_mode": "catmullrom"
						},
						"1.5": {
							"post": [-36.24538, -24.3683, 5.7632],
							"lerp_mode": "catmullrom"
						},
						"2.25": {
							"post": [-35.9936, 21.93857, -5.123],
							"lerp_mode": "catmullrom"
						},
						"3.0": {
							"post": [-33.74538, 24.3683, -5.7632],
							"lerp_mode": "catmullrom"
						}
					}
				},
				"tail_1": {
					"rotation": {
						"0.0": {
							"post": [0, 0, 0],
							"lerp_mode": "catmullrom"
						},
						"0.75": {
							"post": [-27.46136, 2.40449, -2.47315],
							"lerp_mode": "catmullrom"
						},
						"3.0": {
							"post": [-61.34825, 11.83747, -12.17553],
							"lerp_mode": "catmullrom"
						}
					}
				},
				"tail_3": {
					"rotation": {
						"0.0": {
							"post": [0, 0, 0],
							"lerp_mode": "catmullrom"
						},
						"3.0": {
							"post": [-39.31098, -0.54996, 3.1264],
							"lerp_mode": "catmullrom"
						}
					}
				},
				"tail_4": {
					"rotation": {
						"0.0": {
							"post": [0, 0, 0],
							"lerp_mode": "catmullrom"
						},
						"0.75": {
							"post": [-35.74845, 5.47345, -0.24622],
							"lerp_mode": "catmullrom"
						},
						"3.0": {
							"post": [-28.30005, 26.94622, -1.21217],
							"lerp_mode": "catmullrom"
						}
					}
				},
				"tail_5": {
					"rotation": {
						"0.0": {
							"post": [0, 0, 0],
							"lerp_mode": "catmullrom"
						},
						"3.0": {
							"post": [-10, 12.5, 0],
							"lerp_mode": "catmullrom"
						}
					}
				},
				"tail_6": {
					"rotation": {
						"0.0": {
							"post": [0, 0, 0],
							"lerp_mode": "catmullrom"
						},
						"3.0": {
							"post": [-20.49008, -11.53486, 4.8493],
							"lerp_mode": "catmullrom"
						}
					}
				},
				"tail_7": {
					"rotation": {
						"0.0": {
							"post": [0, 0, 0],
							"lerp_mode": "catmullrom"
						},
						"3.0": {
							"post": [-15.27399, -1.36594, -17.57352],
							"lerp_mode": "catmullrom"
						}
					}
				},
				"tip_8": {
					"rotation": {
						"0.0": {
							"post": [0, 0, 0],
							"lerp_mode": "catmullrom"
						},
						"3.0": {
							"post": [-5, 0, 0],
							"lerp_mode": "catmullrom"
						}
					}
				},
				"mainthing": {
					"rotation": {
						"0.0": {
							"post": [0, 0, 0],
							"lerp_mode": "catmullrom"
						},
						"0.75": {
							"post": [-5, 0, 0],
							"lerp_mode": "catmullrom"
						},
						"3.0": {
							"post": [-12.5, 0, 0],
							"lerp_mode": "catmullrom"
						}
					},
					"position": {
						"0.0": {
							"post": [0, 0, 0],
							"lerp_mode": "catmullrom"
						},
						"0.75": {
							"post": [0, 2, 0],
							"lerp_mode": "catmullrom"
						},
						"3.0": {
							"post": [0, 9, 0],
							"lerp_mode": "catmullrom"
						}
					}
				},
				"shoulder_right": {
					"rotation": {
						"0.0": {
							"post": [0, 0, 0],
							"lerp_mode": "catmullrom"
						},
						"0.75": {
							"post": [-73.27888, -29.05536, -39.33729],
							"lerp_mode": "catmullrom"
						},
						"3.0": {
							"post": [-73.27888, -29.05536, -39.33729],
							"lerp_mode": "catmullrom"
						}
					},
					"position": {
						"0.0": {
							"post": [0, 0, 0],
							"lerp_mode": "catmullrom"
						},
						"0.75": {
							"post": [0, -1, -2],
							"lerp_mode": "catmullrom"
						},
						"3.0": {
							"post": [0, -1, -2],
							"lerp_mode": "catmullrom"
						}
					}
				},
				"indexleft2": {
					"rotation": {
						"0.0": {
							"post": [0, 0, 0],
							"lerp_mode": "catmullrom"
						},
						"0.75": {
							"post": [0, -47.5, 0],
							"lerp_mode": "catmullrom"
						},
						"3.0": {
							"post": [0, -47.5, 0],
							"lerp_mode": "catmullrom"
						}
					}
				},
				"midleft2": {
					"rotation": {
						"0.0": {
							"post": [0, 0, 0],
							"lerp_mode": "catmullrom"
						},
						"0.75": {
							"post": [0, -17.5, 0],
							"lerp_mode": "catmullrom"
						},
						"3.0": {
							"post": [0, -17.5, 0],
							"lerp_mode": "catmullrom"
						}
					}
				},
				"ringleft2": {
					"rotation": {
						"0.0": {
							"post": [0, 0, 0],
							"lerp_mode": "catmullrom"
						},
						"0.75": {
							"post": [0, -20, 0],
							"lerp_mode": "catmullrom"
						},
						"3.0": {
							"post": [0, -20, 0],
							"lerp_mode": "catmullrom"
						}
					}
				},
				"pinkleft2": {
					"rotation": {
						"0.0": {
							"post": [0, 0, 0],
							"lerp_mode": "catmullrom"
						},
						"0.75": {
							"post": [0, -45, 0],
							"lerp_mode": "catmullrom"
						},
						"3.0": {
							"post": [0, -45, 0],
							"lerp_mode": "catmullrom"
						}
					}
				},
				"thumbleft2": {
					"rotation": {
						"0.0": {
							"post": [0, 0, 0],
							"lerp_mode": "catmullrom"
						},
						"0.75": {
							"post": [37.5, 0, 0],
							"lerp_mode": "catmullrom"
						},
						"3.0": {
							"post": [37.5, 0, 0],
							"lerp_mode": "catmullrom"
						}
					}
				},
				"torso": {
					"rotation": {
						"0.0": {
							"post": [0, 0, 0],
							"lerp_mode": "catmullrom"
						},
						"0.75": {
							"post": [-12.5, 0, 0],
							"lerp_mode": "catmullrom"
						},
						"3.0": {
							"post": [-12.5, 0, 0],
							"lerp_mode": "catmullrom"
						}
					},
					"position": {
						"0.0": {
							"post": [0, 0, 0],
							"lerp_mode": "catmullrom"
						},
						"0.75": {
							"post": [0, -1, 0],
							"lerp_mode": "catmullrom"
						},
						"3.0": {
							"post": [0, -1, 0],
							"lerp_mode": "catmullrom"
						}
					}
				},
				"wrist_left": {
					"rotation": {
						"0.0": {
							"post": [0, 0, 0],
							"lerp_mode": "catmullrom"
						},
						"0.75": {
							"post": [-65.17105, 9.48648, 10.07344],
							"lerp_mode": "catmullrom"
						},
						"3.0": {
							"post": [-65.17105, 9.48648, 10.07344],
							"lerp_mode": "catmullrom"
						}
					},
					"position": {
						"0.0": [0, 0, 0],
						"0.75": [0, 0, -1],
						"3.0": [0, 0, -1]
					}
				},
				"hand_left": {
					"rotation": {
						"0.0": {
							"post": [0, 0, 0],
							"lerp_mode": "catmullrom"
						},
						"0.75": {
							"post": [-25.737, 14.5412, 9.52558],
							"lerp_mode": "catmullrom"
						},
						"3.0": {
							"post": [-25.737, 14.5412, 9.52558],
							"lerp_mode": "catmullrom"
						}
					}
				},
				"tail_2": {
					"rotation": {
						"0.0": {
							"post": [0, 0, 0],
							"lerp_mode": "catmullrom"
						},
						"0.75": {
							"post": [-7.5, 0, 0],
							"lerp_mode": "catmullrom"
						},
						"3.0": {
							"post": [-45, 0, 0],
							"lerp_mode": "catmullrom"
						}
					}
				},
				"browright": {
					"rotation": {
						"0.0": [0, 0, 0],
						"0.75": [0, 0, -20]
					},
					"scale": {
						"0.0": [1, 1, 1],
						"0.75": [1.3, 1, 1]
					}
				},
				"browleft": {
					"rotation": {
						"0.0": [0, 0, 0],
						"0.75": [0, 0, 47.5]
					},
					"position": {
						"0.0": [0, 0, 0],
						"0.75": [1, 0.3, 0]
					},
					"scale": {
						"0.0": [1, 1, 1],
						"0.75": [1.3, 1.1, 1]
					}
				}
			}
		},
		"animation.tornadus2.special_attack": {
			"animation_length": 2.5,
			"bones": {
				"mainthing": {
					"rotation": {
						"0.0": {
							"post": [0, 0, 0],
							"lerp_mode": "catmullrom"
						},
						"0.75": {
							"post": [17.5, 0, 0],
							"lerp_mode": "catmullrom"
						},
						"1.0": {
							"post": [-15, 0, 0],
							"lerp_mode": "catmullrom"
						},
						"2.5": {
							"post": [0, 0, 0],
							"lerp_mode": "catmullrom"
						}
					},
					"position": {
						"0.0": {
							"post": [0, 0, 0],
							"lerp_mode": "catmullrom"
						},
						"0.75": {
							"post": [0, 30, 0],
							"lerp_mode": "catmullrom"
						},
						"1.5417": {
							"post": [0, 30, 0],
							"lerp_mode": "catmullrom"
						},
						"2.5": {
							"post": [0, 0, 0],
							"lerp_mode": "catmullrom"
						}
					}
				},
				"upperbody": {
					"rotation": {
						"0.0": {
							"post": [0, 0, 0],
							"lerp_mode": "catmullrom"
						},
						"0.75": {
							"post": [0, 17.5, 0],
							"lerp_mode": "catmullrom"
						},
						"0.9167": {
							"post": [0, -15, 0],
							"lerp_mode": "catmullrom"
						},
						"1.25": {
							"post": [0, -15, 0],
							"lerp_mode": "catmullrom"
						},
						"2.5": {
							"post": [0, 0, 0],
							"lerp_mode": "catmullrom"
						}
					}
				},
				"torso": {
					"rotation": {
						"0.0": {
							"post": [0, 0, 0],
							"lerp_mode": "catmullrom"
						},
						"0.75": {
							"post": [0, 20, 0],
							"lerp_mode": "catmullrom"
						},
						"0.9167": {
							"post": [0, -20, 0],
							"lerp_mode": "catmullrom"
						},
						"1.25": {
							"post": [0, -20, 0],
							"lerp_mode": "catmullrom"
						},
						"2.5": {
							"post": [0, 0, 0],
							"lerp_mode": "catmullrom"
						}
					}
				},
				"shoulder_right": {
					"rotation": {
						"0.0": {
							"post": [0, 0, 0],
							"lerp_mode": "catmullrom"
						},
						"0.75": {
							"post": [-27.04578, -5.7878, -45.85396],
							"lerp_mode": "catmullrom"
						},
						"0.9167": {
							"post": [3.75662, -45.0473, -24.24284],
							"lerp_mode": "catmullrom"
						},
						"1.25": {
							"post": [3.75662, -45.0473, -24.24284],
							"lerp_mode": "catmullrom"
						},
						"2.5": {
							"post": [0, 0, 0],
							"lerp_mode": "catmullrom"
						}
					}
				},
				"bicep_right": {
					"rotation": {
						"0.0": {
							"post": [0, 0, 0],
							"lerp_mode": "catmullrom"
						},
						"0.75": {
							"post": [-9.68826, -16.18481, -57.94102],
							"lerp_mode": "catmullrom"
						},
						"0.9167": {
							"post": [-5.89379, -12.00199, -30.49633],
							"lerp_mode": "catmullrom"
						},
						"1.25": {
							"post": [-5.89379, -12.00199, -30.49633],
							"lerp_mode": "catmullrom"
						},
						"2.5": {
							"post": [0, 0, 0],
							"lerp_mode": "catmullrom"
						}
					}
				},
				"forearm_right": {
					"rotation": {
						"0.0": {
							"post": [0, 0, 0],
							"lerp_mode": "catmullrom"
						},
						"0.2917": {
							"post": [-178.36016, -7.76708, -181.99503],
							"lerp_mode": "catmullrom"
						},
						"0.75": {
							"post": [-137.31772, -77.67383, -140.25249],
							"lerp_mode": "catmullrom"
						},
						"0.9167": {
							"post": [-137.04862, -44.93934, -143.79396],
							"lerp_mode": "catmullrom"
						},
						"1.25": {
							"post": [-137.04862, -44.93934, -143.79396],
							"lerp_mode": "catmullrom"
						},
						"2.5": {
							"post": [0, 0, 0],
							"lerp_mode": "catmullrom"
						}
					},
					"position": {
						"0.0": {
							"post": [0, 0, 0],
							"lerp_mode": "catmullrom"
						},
						"0.75": {
							"post": [0, 0, 1],
							"lerp_mode": "catmullrom"
						},
						"2.5": {
							"post": [0, 0, 0],
							"lerp_mode": "catmullrom"
						}
					}
				},
				"wrist_right": {
					"rotation": {
						"0.0": {
							"post": [0, 0, 0],
							"lerp_mode": "catmullrom"
						},
						"0.75": {
							"post": [6.62672, -3.00141, -45.07426],
							"lerp_mode": "catmullrom"
						},
						"0.9167": {
							"post": [-0.59857, 31.8655, 21.88793],
							"lerp_mode": "catmullrom"
						},
						"1.25": {
							"post": [-0.59857, 31.8655, 21.88793],
							"lerp_mode": "catmullrom"
						},
						"2.5": {
							"post": [0, 0, 0],
							"lerp_mode": "catmullrom"
						}
					}
				},
				"hand_right": {
					"rotation": {
						"0.0": {
							"post": [0, 0, 0],
							"lerp_mode": "catmullrom"
						},
						"0.75": {
							"post": [0, -32.5, 0],
							"lerp_mode": "catmullrom"
						},
						"0.9167": {
							"post": [0, -7.5, 0],
							"lerp_mode": "catmullrom"
						},
						"1.25": {
							"post": [0, -7.5, 0],
							"lerp_mode": "catmullrom"
						},
						"2.5": {
							"post": [0, 0, 0],
							"lerp_mode": "catmullrom"
						}
					}
				},
				"index_right": {
					"rotation": {
						"0.0": {
							"post": [0, 0, 0],
							"lerp_mode": "catmullrom"
						},
						"0.75": {
							"post": [0, -47.5, 0],
							"lerp_mode": "catmullrom"
						},
						"1.25": {
							"post": [0, -47.5, 0],
							"lerp_mode": "catmullrom"
						},
						"2.5": {
							"post": [0, 0, 0],
							"lerp_mode": "catmullrom"
						}
					}
				},
				"middle_right": {
					"rotation": {
						"0.0": {
							"post": [0, 0, 0],
							"lerp_mode": "catmullrom"
						},
						"0.75": {
							"post": [0, -20, 0],
							"lerp_mode": "catmullrom"
						},
						"1.25": {
							"post": [0, -20, 0],
							"lerp_mode": "catmullrom"
						},
						"2.5": {
							"post": [0, 0, 0],
							"lerp_mode": "catmullrom"
						}
					}
				},
				"ring_right": {
					"rotation": {
						"0.0": {
							"post": [0, 0, 0],
							"lerp_mode": "catmullrom"
						},
						"0.75": {
							"post": [0, -27.5, 0],
							"lerp_mode": "catmullrom"
						},
						"1.25": {
							"post": [0, -27.5, 0],
							"lerp_mode": "catmullrom"
						},
						"2.5": {
							"post": [0, 0, 0],
							"lerp_mode": "catmullrom"
						}
					}
				},
				"pinky_right": {
					"rotation": {
						"0.0": {
							"post": [0, 0, 0],
							"lerp_mode": "catmullrom"
						},
						"0.75": {
							"post": [0, -27.5, 0],
							"lerp_mode": "catmullrom"
						},
						"1.25": {
							"post": [0, -27.5, 0],
							"lerp_mode": "catmullrom"
						},
						"2.5": {
							"post": [0, 0, 0],
							"lerp_mode": "catmullrom"
						}
					}
				},
				"shoulder_left": {
					"rotation": {
						"0.0": {
							"post": [0, 0, 0],
							"lerp_mode": "catmullrom"
						},
						"0.75": {
							"post": [-58.395, 99.67957, 50.37232],
							"lerp_mode": "catmullrom"
						},
						"0.9167": {
							"post": [-72.95317, -0.97263, 96.13048],
							"lerp_mode": "catmullrom"
						},
						"1.25": {
							"post": [-72.95317, -0.97263, 96.13048],
							"lerp_mode": "catmullrom"
						},
						"2.5": {
							"post": [0, 0, 0],
							"lerp_mode": "catmullrom"
						}
					}
				},
				"bicep_left": {
					"rotation": {
						"0.0": {
							"post": [0, 0, 0],
							"lerp_mode": "catmullrom"
						},
						"0.75": {
							"post": [0, 17.5, 0],
							"lerp_mode": "catmullrom"
						},
						"0.9167": {
							"post": [-15.26684, 13.37341, 40.3758],
							"lerp_mode": "catmullrom"
						},
						"1.25": {
							"post": [-15.26684, 13.37341, 40.3758],
							"lerp_mode": "catmullrom"
						},
						"2.5": {
							"post": [0, 0, 0],
							"lerp_mode": "catmullrom"
						}
					}
				},
				"forearm_left": {
					"rotation": {
						"0.0": {
							"post": [0, 0, 0],
							"lerp_mode": "catmullrom"
						},
						"0.75": {
							"post": [127.10581, 70.63684, -141.79222],
							"lerp_mode": "catmullrom"
						},
						"1.2083": {
							"post": [84.04797, 36.78782, -146.68224],
							"lerp_mode": "catmullrom"
						},
						"2.5": {
							"post": [0, 0, 0],
							"lerp_mode": "catmullrom"
						}
					},
					"position": {
						"0.0": {
							"post": [0, 0, 0],
							"lerp_mode": "catmullrom"
						},
						"0.75": {
							"post": [1, -1, 0],
							"lerp_mode": "catmullrom"
						},
						"1.2083": {
							"post": [1.86, 0, 0],
							"lerp_mode": "catmullrom"
						},
						"2.5": {
							"post": [0, 0, 0],
							"lerp_mode": "catmullrom"
						}
					}
				},
				"wrist_left": {
					"rotation": {
						"0.0": {
							"post": [0, 0, 0],
							"lerp_mode": "catmullrom"
						},
						"0.75": {
							"post": [-101.34951, 2.10037, 8.62454],
							"lerp_mode": "catmullrom"
						},
						"1.2083": {
							"post": [-58.72776, 2.78547, -8.01414],
							"lerp_mode": "catmullrom"
						},
						"2.5": {
							"post": [0, 0, 0],
							"lerp_mode": "catmullrom"
						}
					},
					"position": {
						"0.0": [0, 0, 0],
						"0.75": [1, 0, -1]
					}
				},
				"hand_left": {
					"rotation": {
						"0.0": {
							"post": [0, 0, 0],
							"lerp_mode": "catmullrom"
						},
						"0.75": {
							"post": [-12.5, 27.5, 0],
							"lerp_mode": "catmullrom"
						},
						"2.5": {
							"post": [0, 0, 0],
							"lerp_mode": "catmullrom"
						}
					}
				},
				"head": {
					"rotation": {
						"0.0": {
							"post": [0, 0, 0],
							"lerp_mode": "catmullrom"
						},
						"0.75": {
							"post": [0, -30, 0],
							"lerp_mode": "catmullrom"
						},
						"0.9167": {
							"post": [17.5, 22.5, 0],
							"lerp_mode": "catmullrom"
						},
						"1.25": {
							"post": [17.5, 22.5, 0],
							"lerp_mode": "catmullrom"
						},
						"2.5": {
							"post": [0, 0, 0],
							"lerp_mode": "catmullrom"
						}
					}
				},
				"tail_1": {
					"rotation": {
						"0.0": {
							"post": [0, 0, 0],
							"lerp_mode": "catmullrom"
						},
						"0.75": {
							"post": [0, 0, -90],
							"lerp_mode": "catmullrom"
						},
						"0.9167": {
							"post": [-12.5, 0, -90],
							"lerp_mode": "catmullrom"
						},
						"1.125": {
							"post": [-8.27166, -16.24478, -47.08751],
							"lerp_mode": "catmullrom"
						},
						"2.5": {
							"post": [0, 0, 0],
							"lerp_mode": "catmullrom"
						}
					}
				},
				"tail_2": {
					"rotation": {
						"0.0": {
							"post": [0, 0, 0],
							"lerp_mode": "catmullrom"
						},
						"0.75": {
							"post": [-12.01, 10.58608, -10.01879],
							"lerp_mode": "catmullrom"
						},
						"0.9167": {
							"post": [1.54016, -28.50824, -1.26387],
							"lerp_mode": "catmullrom"
						},
						"1.125": {
							"post": [1.54016, -28.50824, -1.26387],
							"lerp_mode": "catmullrom"
						},
						"2.5": {
							"post": [0, 0, 0],
							"lerp_mode": "catmullrom"
						}
					}
				},
				"tail_3": {
					"rotation": {
						"0.0": {
							"post": [0, 0, 0],
							"lerp_mode": "catmullrom"
						},
						"0.75": {
							"post": [-15, 0, 0],
							"lerp_mode": "catmullrom"
						},
						"0.9167": {
							"post": [1.89625, -19.49119, -10.5248],
							"lerp_mode": "catmullrom"
						},
						"1.125": {
							"post": [1.89625, -19.49119, -10.5248],
							"lerp_mode": "catmullrom"
						},
						"2.5": {
							"post": [0, 0, 0],
							"lerp_mode": "catmullrom"
						}
					}
				},
				"tail_4": {
					"rotation": {
						"0.0": {
							"post": [0, 0, 0],
							"lerp_mode": "catmullrom"
						},
						"0.75": {
							"post": [-30.21362, 6.49053, -3.76613],
							"lerp_mode": "catmullrom"
						},
						"0.9167": {
							"post": [-3.80155, -5.49882, -12.50527],
							"lerp_mode": "catmullrom"
						},
						"1.125": {
							"post": [-3.80155, -5.49882, -12.50527],
							"lerp_mode": "catmullrom"
						},
						"2.5": {
							"post": [0, 0, 0],
							"lerp_mode": "catmullrom"
						}
					}
				},
				"tail_5": {
					"rotation": {
						"0.0": {
							"post": [0, 0, 0],
							"lerp_mode": "catmullrom"
						},
						"0.75": {
							"post": [-26.78135, 20.29348, -9.92926],
							"lerp_mode": "catmullrom"
						},
						"0.9167": {
							"post": [-1.48685, 16.5773, -1.81147],
							"lerp_mode": "catmullrom"
						},
						"1.125": {
							"post": [-1.48685, 16.5773, -1.81147],
							"lerp_mode": "catmullrom"
						},
						"2.5": {
							"post": [0, 0, 0],
							"lerp_mode": "catmullrom"
						}
					}
				},
				"tail_6": {
					"rotation": {
						"0.0": {
							"post": [0, 0, 0],
							"lerp_mode": "catmullrom"
						},
						"0.75": {
							"post": [-3.38852, 16.41371, -6.15491],
							"lerp_mode": "catmullrom"
						},
						"0.9167": {
							"post": [-45.61607, -20.35421, -13.66426],
							"lerp_mode": "catmullrom"
						},
						"1.125": {
							"post": [-27.38832, 20.98479, -11.19225],
							"lerp_mode": "catmullrom"
						},
						"2.5": {
							"post": [0, 0, 0],
							"lerp_mode": "catmullrom"
						}
					}
				},
				"tail_7": {
					"rotation": {
						"0.0": {
							"post": [0, 0, 0],
							"lerp_mode": "catmullrom"
						},
						"0.75": {
							"post": [-22.57734, -4.61854, 1.91757],
							"lerp_mode": "catmullrom"
						},
						"0.9167": {
							"post": [3.47698, 1.16776, 49.20183],
							"lerp_mode": "catmullrom"
						},
						"1.125": {
							"post": [-4.02302, 1.16776, 49.20183],
							"lerp_mode": "catmullrom"
						},
						"2.5": {
							"post": [0, 0, 0],
							"lerp_mode": "catmullrom"
						}
					}
				},
				"tip_8": {
					"rotation": {
						"0.0": {
							"post": [0, 0, 0],
							"lerp_mode": "catmullrom"
						},
						"0.9167": {
							"post": [30, 0, 0],
							"lerp_mode": "catmullrom"
						},
						"1.25": {
							"post": [5, 0, 0],
							"lerp_mode": "catmullrom"
						},
						"2.5": {
							"post": [0, 0, 0],
							"lerp_mode": "catmullrom"
						}
					}
				}
			}
		},
		"animation.tornadus2.physical_attack": {
			"loop": true,
			"animation_length": 1.5,
			"bones": {
				"mainthing": {
					"rotation": {
						"0.0": {
							"post": [0, 0, 0],
							"lerp_mode": "catmullrom"
						},
						"0.75": {
							"post": [12.5, 0, 0],
							"lerp_mode": "catmullrom"
						},
						"1.5": [0, 0, 0]
					},
					"position": {
						"0.0": {
							"post": [0, 0, 0],
							"lerp_mode": "catmullrom"
						},
						"0.5": {
							"post": [0, 3, 0],
							"lerp_mode": "catmullrom"
						},
						"1.0": {
							"post": [0, 0, -5],
							"lerp_mode": "catmullrom"
						},
						"1.5": [0, 0, 0]
					}
				},
				"upperbody": {
					"rotation": {
						"0.0": {
							"post": [0, 0, 0],
							"lerp_mode": "catmullrom"
						},
						"0.375": {
							"post": [0, 35, 0],
							"lerp_mode": "catmullrom"
						},
						"0.625": {
							"post": [0, 35, 0],
							"lerp_mode": "catmullrom"
						},
						"0.75": {
							"post": [-11.32607, -37.33289, 6.29298],
							"lerp_mode": "catmullrom"
						},
						"1.0417": {
							"post": [0, -37.5, 0],
							"lerp_mode": "catmullrom"
						},
						"1.5": [0, 0, 0]
					}
				},
				"torso": {
					"rotation": {
						"0.0": {
							"post": [0, 0, 0],
							"lerp_mode": "catmullrom"
						},
						"0.375": {
							"post": [0, 25, 0],
							"lerp_mode": "catmullrom"
						},
						"0.625": {
							"post": [0, 25, 0],
							"lerp_mode": "catmullrom"
						},
						"0.75": {
							"post": [-0.53889, -10.0593, -0.0117],
							"lerp_mode": "catmullrom"
						},
						"1.0417": {
							"post": [-0.53889, -10.0593, -0.0117],
							"lerp_mode": "catmullrom"
						},
						"1.5": [0, 0, 0]
					},
					"position": {
						"0.0": {
							"post": [0, 0, 0],
							"lerp_mode": "catmullrom"
						},
						"0.75": {
							"post": [0, -1, 0],
							"lerp_mode": "catmullrom"
						},
						"1.0417": {
							"post": [0, -1, 0],
							"lerp_mode": "catmullrom"
						},
						"1.5": [0, 0, 0]
					}
				},
				"shoulder_right": {
					"rotation": {
						"0.0": {
							"post": [0, 0, 0],
							"lerp_mode": "catmullrom"
						},
						"0.375": {
							"post": [-26.91312, -14.97402, -31.87535],
							"lerp_mode": "catmullrom"
						},
						"0.625": {
							"post": [-26.91312, -14.97402, -31.87535],
							"lerp_mode": "catmullrom"
						},
						"0.75": {
							"post": [-8.22225, -92.01206, -42.52995],
							"lerp_mode": "catmullrom"
						},
						"1.0417": {
							"post": [-8.22225, -92.01206, -42.52995],
							"lerp_mode": "catmullrom"
						},
						"1.5": [0, 0, 0]
					}
				},
				"bicep_right": {
					"rotation": {
						"0.0": {
							"post": [0, 0, 0],
							"lerp_mode": "catmullrom"
						},
						"0.375": {
							"post": [-81.19352, -9.20493, -45.298],
							"lerp_mode": "catmullrom"
						},
						"0.625": {
							"post": [-81.19352, -9.20493, -45.298],
							"lerp_mode": "catmullrom"
						},
						"0.75": {
							"post": [-67.03836, 46.97727, -26.25487],
							"lerp_mode": "catmullrom"
						},
						"1.0417": {
							"post": [-67.03836, 46.97727, -26.25487],
							"lerp_mode": "catmullrom"
						},
						"1.5": [0, 0, 0]
					},
					"position": {
						"0.0": {
							"post": [0, 0, 0],
							"lerp_mode": "catmullrom"
						},
						"0.375": {
							"post": [0, 0, -1],
							"lerp_mode": "catmullrom"
						},
						"0.625": {
							"post": [0, 0, -1],
							"lerp_mode": "catmullrom"
						},
						"1.5": [0, 0, 0]
					}
				},
				"forearm_right": {
					"rotation": {
						"0.0": {
							"post": [0, 0, 0],
							"lerp_mode": "catmullrom"
						},
						"0.375": {
							"post": [-70.19861, -59.35298, -120.68869],
							"lerp_mode": "catmullrom"
						},
						"0.625": {
							"post": [-70.19861, -59.35298, -120.68869],
							"lerp_mode": "catmullrom"
						},
						"0.75": {
							"post": [-128.87318, -84.02683, -61.13347],
							"lerp_mode": "catmullrom"
						},
						"1.0417": {
							"post": [-128.87318, -84.02683, -61.13347],
							"lerp_mode": "catmullrom"
						},
						"1.5": [0, 0, 0]
					},
					"position": {
						"0.0": {
							"post": [0, 0, 0],
							"lerp_mode": "catmullrom"
						},
						"0.375": {
							"post": [0, 1, 1],
							"lerp_mode": "catmullrom"
						},
						"0.625": {
							"post": [0, 1, 1],
							"lerp_mode": "catmullrom"
						},
						"1.5": [0, 0, 0]
					}
				},
				"wrist_right": {
					"rotation": {
						"0.0": {
							"post": [0, 0, 0],
							"lerp_mode": "catmullrom"
						},
						"0.375": {
							"post": [17.25888, -2.48774, -34.32359],
							"lerp_mode": "catmullrom"
						},
						"0.625": {
							"post": [17.25888, -2.48774, -34.32359],
							"lerp_mode": "catmullrom"
						},
						"0.75": {
							"post": [-2.5122, 9.26392, 7.26597],
							"lerp_mode": "catmullrom"
						},
						"1.0417": {
							"post": [-2.5122, 9.26392, 7.26597],
							"lerp_mode": "catmullrom"
						},
						"1.5": [0, 0, 0]
					}
				},
				"hand_right": {
					"rotation": {
						"0.0": {
							"post": [0, 0, 0],
							"lerp_mode": "catmullrom"
						},
						"0.375": {
							"post": [-1.00966, -24.59477, -15.37066],
							"lerp_mode": "catmullrom"
						},
						"0.625": {
							"post": [-1.00966, -24.59477, -15.37066],
							"lerp_mode": "catmullrom"
						},
						"0.75": {
							"post": [-0.00933, 2.462, -20.43439],
							"lerp_mode": "catmullrom"
						},
						"1.0417": {
							"post": [-0.00933, 2.462, -20.43439],
							"lerp_mode": "catmullrom"
						},
						"1.5": [0, 0, 0]
					}
				},
				"thumb_right": {
					"rotation": {
						"0.0": {
							"post": [0, 0, 0],
							"lerp_mode": "catmullrom"
						},
						"0.375": {
							"post": [0, 0, -15],
							"lerp_mode": "catmullrom"
						},
						"0.625": {
							"post": [0, 0, -15],
							"lerp_mode": "catmullrom"
						},
						"0.75": {
							"post": [22.5, 0, -13.38192],
							"lerp_mode": "catmullrom"
						},
						"1.0417": {
							"post": [22.5, 0, -13.38192],
							"lerp_mode": "catmullrom"
						},
						"1.5": [0, 0, 0]
					}
				},
				"index_right": {
					"rotation": {
						"0.0": {
							"post": [0, 0, 0],
							"lerp_mode": "catmullrom"
						},
						"0.375": {
							"post": [0, -40, 0],
							"lerp_mode": "catmullrom"
						},
						"0.625": {
							"post": [0, -40, 0],
							"lerp_mode": "catmullrom"
						},
						"0.75": {
							"post": [0, 9.31, 0],
							"lerp_mode": "catmullrom"
						},
						"1.0417": {
							"post": [0, 9.31, 0],
							"lerp_mode": "catmullrom"
						},
						"1.5": [0, 0, 0]
					}
				},
				"Rindex_tip": {
					"rotation": {
						"0.0": [0, 0, 0],
						"0.75": [0, 57.5, 0],
						"1.0417": [0, 57.5, 0]
					}
				},
				"middle_right": {
					"rotation": {
						"0.0": {
							"post": [0, 0, 0],
							"lerp_mode": "catmullrom"
						},
						"0.375": {
							"post": [0, -42.5, 0],
							"lerp_mode": "catmullrom"
						},
						"0.625": {
							"post": [0, -42.5, 0],
							"lerp_mode": "catmullrom"
						},
						"0.75": {
							"post": [0, -0.42, 0],
							"lerp_mode": "catmullrom"
						},
						"1.0417": {
							"post": [0, -0.42, 0],
							"lerp_mode": "catmullrom"
						},
						"1.5": [0, 0, 0]
					}
				},
				"Rmiddle_tip": {
					"rotation": {
						"0.0": {
							"post": [0, 0, 0],
							"lerp_mode": "catmullrom"
						},
						"0.375": {
							"post": [0, 12.5, 0],
							"lerp_mode": "catmullrom"
						},
						"0.625": {
							"post": [0, 12.5, 0],
							"lerp_mode": "catmullrom"
						},
						"0.75": {
							"post": [0, 68.65, 0],
							"lerp_mode": "catmullrom"
						},
						"1.0417": {
							"post": [0, 68.65, 0],
							"lerp_mode": "catmullrom"
						},
						"1.5": [0, 0, 0]
					}
				},
				"ring_right": {
					"rotation": {
						"0.0": {
							"post": [0, 0, 0],
							"lerp_mode": "catmullrom"
						},
						"0.375": {
							"post": [0, -35, 0],
							"lerp_mode": "catmullrom"
						},
						"0.625": {
							"post": [0, -35, 0],
							"lerp_mode": "catmullrom"
						},
						"0.75": {
							"post": [0, -1.22, 0],
							"lerp_mode": "catmullrom"
						},
						"1.0417": {
							"post": [0, -1.22, 0],
							"lerp_mode": "catmullrom"
						},
						"1.5": [0, 0, 0]
					}
				},
				"Rring_tip": {
					"rotation": {
						"0.0": {
							"post": [0, 0, 0],
							"lerp_mode": "catmullrom"
						},
						"0.375": {
							"post": [0, 2.5, 0],
							"lerp_mode": "catmullrom"
						},
						"0.625": {
							"post": [0, 2.5, 0],
							"lerp_mode": "catmullrom"
						},
						"0.75": {
							"post": [0, 69.73, 0],
							"lerp_mode": "catmullrom"
						},
						"1.0417": {
							"post": [0, 69.73, 0],
							"lerp_mode": "catmullrom"
						},
						"1.5": [0, 0, 0]
					}
				},
				"pinky_right": {
					"rotation": {
						"0.0": {
							"post": [0, 0, 0],
							"lerp_mode": "catmullrom"
						},
						"0.375": {
							"post": [0, -62.5, 0],
							"lerp_mode": "catmullrom"
						},
						"0.625": {
							"post": [0, -62.5, 0],
							"lerp_mode": "catmullrom"
						},
						"0.75": {
							"post": [0, 9.24, 0],
							"lerp_mode": "catmullrom"
						},
						"1.0417": {
							"post": [0, 9.24, 0],
							"lerp_mode": "catmullrom"
						},
						"1.5": [0, 0, 0]
					}
				},
				"Rpinky_right": {
					"rotation": {
						"0.0": [0, 0, 0],
						"0.75": [0, 60, 0],
						"1.0417": [0, 60, 0]
					}
				},
				"shoulder_left": {
					"rotation": {
						"0.0": {
							"post": [0, 0, 0],
							"lerp_mode": "catmullrom"
						},
						"0.375": {
							"post": [-60.38208, 86.50635, 71.57169],
							"lerp_mode": "catmullrom"
						},
						"0.625": {
							"post": [-60.5225, 111.50559, 71.33008],
							"lerp_mode": "catmullrom"
						},
						"0.75": {
							"post": [-63.88113, 27.58839, 63.00051],
							"lerp_mode": "catmullrom"
						},
						"1.0417": {
							"post": [-63.88113, 27.58839, 63.00051],
							"lerp_mode": "catmullrom"
						},
						"1.5": [0, 0, 0]
					}
				},
				"bicep_left": {
					"rotation": {
						"0.0": {
							"post": [0, 0, 0],
							"lerp_mode": "catmullrom"
						},
						"0.375": {
							"post": [-17.36402, 21.71077, 10.13189],
							"lerp_mode": "catmullrom"
						},
						"0.625": {
							"post": [-17.36402, 21.71077, 10.13189],
							"lerp_mode": "catmullrom"
						},
						"0.7083": {
							"post": [1.1722, 34.87832, 12.68937],
							"lerp_mode": "catmullrom"
						},
						"0.75": {
							"post": [7.43538, 22.41112, 27.66754],
							"lerp_mode": "catmullrom"
						},
						"1.0417": {
							"post": [7.43538, 22.41112, 27.66754],
							"lerp_mode": "catmullrom"
						},
						"1.5": [0, 0, 0]
					},
					"position": {
						"0.0": [0, 0, 0],
						"0.75": [0, -1, 0],
						"1.0417": [0, -1, 0]
					}
				},
				"forearm_left": {
					"rotation": {
						"0.0": {
							"post": [0, 0, 0],
							"lerp_mode": "catmullrom"
						},
						"0.375": {
							"post": [-27.49394, 30.08495, -7.44009],
							"lerp_mode": "catmullrom"
						},
						"0.625": {
							"post": [-27.49394, 30.08495, -7.44009],
							"lerp_mode": "catmullrom"
						},
						"0.6667": {
							"post": [-127.04372, 32.0507, 59.82264],
							"lerp_mode": "catmullrom"
						},
						"0.7083": {
							"post": [-309.01793, 0.62974, 233.69494],
							"lerp_mode": "catmullrom"
						},
						"0.75": [-289.61396, 77.01653, 199.49359],
						"1.0417": [-289.61396, 77.01653, 199.49359],
						"1.5": [0, 0, 0]
					},
					"position": {
						"0.0": {
							"post": [0, 0, 0],
							"lerp_mode": "catmullrom"
						},
						"0.375": {
							"post": [1, -1, -2],
							"lerp_mode": "catmullrom"
						},
						"0.625": {
							"post": [1, -1, -2],
							"lerp_mode": "catmullrom"
						},
						"0.75": [1, 0, 0],
						"1.0417": [1, 0, 0],
						"1.5": [0, 0, 0]
					}
				},
				"wrist_left": {
					"rotation": {
						"0.0": {
							"post": [0, 0, 0],
							"lerp_mode": "catmullrom"
						},
						"0.375": {
							"post": [22.50041, -4.68437, -7.49336],
							"lerp_mode": "catmullrom"
						},
						"0.625": {
							"post": [22.50041, -4.68437, -7.49336],
							"lerp_mode": "catmullrom"
						},
						"0.75": [68.77449, 11.18703, 14.91948],
						"1.0417": [68.77449, 11.18703, 14.91948],
						"1.5": [0, 0, 0]
					},
					"position": {
						"0.0": [0, 0, 0],
						"0.75": [0, 1, 0],
						"1.0417": [0, 1, 0],
						"1.5": [0, 0, 0]
					}
				},
				"thumb_left": {
					"rotation": {
						"0.0": [0, 0, 0],
						"0.375": [30, 0, 40]
					}
				},
				"index_left": {
					"rotation": {
						"0.0": [0, 0, 0],
						"0.375": [0, -17.5, 0]
					}
				},
				"middle_left": {
					"rotation": {
						"0.0": [0, 0, 0],
						"0.375": [0, -27.5, 0]
					}
				},
				"ring_left": {
					"rotation": {
						"0.0": [0, 0, 0],
						"0.375": [0, -20, 0]
					}
				},
				"pinky_left": {
					"rotation": {
						"0.0": [0, 0, 0],
						"0.375": [0, -10, 0]
					}
				},
				"head": {
					"rotation": {
						"0.0": {
							"post": [0, 0, 0],
							"lerp_mode": "catmullrom"
						},
						"0.375": {
							"post": [0, -35, 0],
							"lerp_mode": "catmullrom"
						},
						"0.625": {
							"post": [0, -35, 0],
							"lerp_mode": "catmullrom"
						},
						"0.75": {
							"post": [0, 47.5, 0],
							"lerp_mode": "catmullrom"
						},
						"1.0417": {
							"post": [0, 47.5, 0],
							"lerp_mode": "catmullrom"
						},
						"1.5": [0, 0, 0]
					}
				},
				"tail_1": {
					"rotation": {
						"0.0": {
							"post": [0, 0, 0],
							"lerp_mode": "catmullrom"
						},
						"0.5": {
							"post": [-18.84825, 11.83747, -12.17553],
							"lerp_mode": "catmullrom"
						},
						"0.8333": {
							"post": [-18.84825, 11.83747, -12.17553],
							"lerp_mode": "catmullrom"
						},
						"1.5": [0, 0, 0]
					}
				},
				"tail_3": {
					"rotation": {
						"0.0": {
							"post": [0, 0, 0],
							"lerp_mode": "catmullrom"
						},
						"0.5": {
							"post": [-6.81098, -0.54996, 3.1264],
							"lerp_mode": "catmullrom"
						},
						"0.8333": {
							"post": [-6.81098, -0.54996, 3.1264],
							"lerp_mode": "catmullrom"
						},
						"1.5": [0, 0, 0]
					}
				},
				"tail_4": {
					"rotation": {
						"0.0": {
							"post": [0, 0, 0],
							"lerp_mode": "catmullrom"
						},
						"0.5": {
							"post": [-12.5, 0, 12.5],
							"lerp_mode": "catmullrom"
						},
						"0.8333": {
							"post": [-12.5, 0, 12.5],
							"lerp_mode": "catmullrom"
						},
						"1.5": [0, 0, 0]
					}
				},
				"tail_5": {
					"rotation": {
						"0.0": {
							"post": [0, 0, 0],
							"lerp_mode": "catmullrom"
						},
						"0.5": {
							"post": [-10, 12.5, 0],
							"lerp_mode": "catmullrom"
						},
						"0.8333": {
							"post": [-10, 12.5, 0],
							"lerp_mode": "catmullrom"
						},
						"1.5": [0, 0, 0]
					}
				},
				"tail_6": {
					"rotation": {
						"0.0": [0, 0, 0],
						"1.5": [0, 0, 0]
					}
				},
				"tail_7": {
					"rotation": {
						"0.0": [0, 0, 0],
						"0.5": [-20, 0, 0],
						"1.5": [0, 0, 0]
					}
				},
				"tip_8": {
					"rotation": {
						"0.0": [0, 0, 0],
						"0.5": [-30, 0, 0],
						"1.5": [0, 0, 0]
					}
				},
				"thumbleft2": {
					"rotation": {
						"0.0": [0, 0, 0],
						"0.375": [20, 0, 0]
					}
				},
				"indexleft2": {
					"rotation": {
						"0.0": [0, 0, 0],
						"0.375": [0, -100, 0]
					}
				},
				"midleft2": {
					"rotation": {
						"0.0": [0, 0, 0],
						"0.375": [0, -87.5, 0]
					},
					"position": [0, 0, 0]
				},
				"ringleft2": {
					"rotation": {
						"0.0": [0, 0, 0],
						"0.375": [0, -82.5, 0]
					}
				},
				"pinkleft2": {
					"rotation": {
						"0.0": [0, 0, 0],
						"0.375": [0, -95, 0]
					},
					"position": {
						"0.0": [0, 0, 0],
						"0.375": [0.5, 0, 0]
					}
				}
			}
		}
	}
}