{
  "type": "minecraft:block",
  "pools": [
    {
      "bonus_rolls": 0.0,
      "entries": [
        {
          "type": "minecraft:alternatives",
          "children": [
            {
              "type": "minecraft:item",
              "conditions": [
                {
                  "condition": "minecraft:match_tool",
                  "predicate": {
                    "items": "minecraft:shears"
                  }
                }
              ],
              "name": "minecraft:short_grass"
            },
            {
              "type": "minecraft:item",
              "conditions": [
                {
                  "chance": 0.125,
                  "condition": "minecraft:random_chance"
                }
              ],
              "functions": [
                {
                  "enchantment": "minecraft:fortune",
                  "formula": "minecraft:uniform_bonus_count",
                  "function": "minecraft:apply_bonus",
                  "parameters": {
                    "bonusMultiplier": 2
                  }
                },
                {
                  "function": "minecraft:explosion_decay"
                }
              ],
              "name": "minecraft:wheat_seeds"
            }
          ]
        },
        {
              "type": "minecraft:item",
              "conditions": [
                {
                  "chance": 0.050,
                  "condition": "minecraft:random_chance"
                }
              ],
              "functions": [
                {
                  "enchantment": "minecraft:fortune",
                  "formula": "minecraft:uniform_bonus_count",
                  "function": "minecraft:apply_bonus",
                  "parameters": {
                    "bonusMultiplier": 2
                  }
                },
                {
                  "function": "minecraft:explosion_decay"
                },
                {
                  "function": "minecraft:set_custom_model_data",
                  "strings": {
                  "values": [
                 "rupee"
                  ],
                 "mode": "replace_all"
                }
               },
               {
                "function": "minecraft:set_name",
                "name": [
                {
                  "text": "Rupee",
                "italic": false
                }
              ]
              }
              ],
              "name": "minecraft:emerald"
            }
      ],
      "rolls": 1.0
    }
  ],
  "random_sequence": "minecraft:blocks/short_grass"
}