{
  "spawn_settings": {
    "outbreak_min_y": -63,
    "outbreak_max_y": 255,
    "biome_settings": {
      "biome": ["#cobblemon:is_floral"]
    }
  },
  "gate_timer": 36000,
  "species_data": {
    "pokemon": "fomantis",
    "wave_data": {
      "waves": 3,
      "spawns_per_wave": 5
    },
    "species_shiny_data": {
      "shiny_choice": "config",
      "shiny_chance": 1024.0
    },
    "pokemon_rarity": "common"
  },
  "rewards": {
    "item_rewards": [
      {
        "item_reward": {
          "id": "cobblemon:exp_candy_xs",
          "count": 1
        },
        "chance": 1.0
      },
      {
        "item_reward": {
          "id": "cobblemon:exp_candy_s",
          "count": 1
        },
        "chance": 1.0
      }
    ],
    "experience_reward": 0
  },
  "algorithms": {
    "level_algorithm": {
      "type": "cobblemonoutbreaks:min_max",
      "min_pokemon_level": 1,
      "max_pokemon_level": 33
    },
    "spawn_algorithm": {
      "type": "cobblemonoutbreaks:open_field"
    }
  }
}
