{
  "spawn_settings": {
    "outbreak_min_y": -63,
    "outbreak_max_y": 255,
    "biome_settings": {
      "biome": ["preset:river", "#cobblemon:is_beach"]
    }
  },
  "gate_timer": 36000,
  "species_data": {
    "pokemon": "squirtle",
    "wave_data": {
      "waves": 3,
      "spawns_per_wave": 5
    },
    "species_shiny_data": {
      "shiny_choice": "config",
      "shiny_chance": 1024.0
    },
    "pokemon_rarity": "epic"
  },
  "rewards": {
    "item_rewards": [
      {
        "item_reward": {
          "id": "cobblemon:exp_candy_l",
          "count": 1
        },
        "chance": 1.0
      },
      {
        "item_reward": {
          "id": "cobblemon:exp_candy_xl",
          "count": 1
        },
        "chance": 1.0
      },
      {
        "item_reward": {
          "id": "cobblemon:rare_candy",
          "count": 1
        },
        "chance": 1.0
      }
    ],
    "experience_reward": 0
  },
  "algorithms": {
    "level_algorithm": {
      "type": "cobblemonoutbreaks:min_max",
      "min_pokemon_level": 1,
      "max_pokemon_level": 15
    },
    "spawn_algorithm": {
      "type": "cobblemonoutbreaks:open_field"
    }
  }
}
