{
  "nationalPokedexNumber": 891,
  "name": "Kubfu",
  "primaryType": "fighting",
  "maleRatio": 0.875,
  "height": 6,
  "weight": 120,
  "pokedex": [
    "cobblemon.species.kubfu.desc"
  ],
  "labels": [
    "gen8",
    "legendary"
  ],
  "aspects": [],
  "abilities": [
    "innerfocus",
    "h:innerfocus"
  ],
  "eggGroups": [
    "undiscovered"
  ],
  "baseStats": {
    "hp": 60,
    "attack": 90,
    "defence": 60,
    "special_attack": 53,
    "special_defence": 50,
    "speed": 72
  },
  "evYield": {
    "hp": 0,
    "attack": 1,
    "defence": 0,
    "special_attack": 0,
    "special_defence": 0,
    "speed": 0
  },
  "baseExperienceYield": 77,
  "experienceGroup": "slow",
  "catchRate": 3,
  "eggCycles": 120,
  "baseFriendship": 50,
  "baseScale": 1,
  "hitbox": {
    "width": 1,
    "height": 1,
    "fixed": false
  },
  "moves": [
    "1:rocksmash",
    "1:leer",
    "4:endure",
    "8:focusenergy",
    "12:aerialace",
    "16:scaryface",
    "20:headbutt",
    "24:brickbreak",
    "28:detect",
    "32:bulkup",
    "36:ironhead",
    "40:dynamicpunch",
    "44:counter",
    "48:closecombat",
    "52:focuspunch",
    "tm:acrobatics",
    "tm:aerialace",
    "tm:bodyslam",
    "tm:brickbreak",
    "tm:bulkup",
    "tm:closecombat",
    "tm:dig",
    "tm:doubleedge",
    "tm:endure",
    "tm:facade",
    "tm:firepunch",
    "tm:fling",
    "tm:focusenergy",
    "tm:focuspunch",
    "tm:headbutt",
    "tm:helpinghand",
    "tm:icepunch",
    "tm:ironhead",
    "tm:lowkick",
    "tm:lowsweep",
    "tm:megakick",
    "tm:megapunch",
    "tm:metalclaw",
    "tm:protect",
    "tm:rest",
    "tm:retaliate",
    "tm:revenge",
    "tm:reversal",
    "tm:rocksmash",
    "tm:scaryface",
    "tm:sleeptalk",
    "tm:substitute",
    "tm:superpower",
    "tm:swordsdance",
    "tm:takedown",
    "tm:terablast",
    "tm:thunderpunch",
    "tm:uturn",
    "tm:workup",
    "tm:zenheadbutt",
    "tutor:aerialace",
    "tutor:bulkup",
    "tutor:firepunch",
    "tutor:focusenergy",
    "tutor:focuspunch",
    "tutor:helpinghand",
    "tutor:icepunch",
    "tutor:ironhead",
    "tutor:lowkick",
    "tutor:rest",
    "tutor:rocksmash",
    "tutor:sleeptalk",
    "tutor:superpower",
    "tutor:thunderpunch",
    "tutor:zenheadbutt"
  ],
  "evolutions": [
  ]
}