{
  "criteria": {
    "defeat_rival_terry_4": {
      "conditions": {
        "count": 1,
        "entity": {
          "type": null
        },
        "trainer_ids": [
          "rival_terry_01b5",
          "rival_terry_01b4",
          "rival_terry_01b3"
        ],
        "trainer_type": null
      },
      "trigger": "rctmod:defeat_count"
    }
  },
  "display": {
    "announce_to_chat": false,
    "background": null,
    "description": {
      "translate": "advancements.rctmod.defeat_rival_terry_4.description"
    },
    "frame": "task",
    "hidden": false,
    "icon": {
      "id": "cobblemon:poke_ball"
    },
    "show_toast": true,
    "title": {
      "translate": "advancements.rctmod.defeat_rival_terry_4"
    }
  },
  "parent": "rctmod:trainers/defeat_leader_clair",
  "requirements": [
    [
      "defeat_rival_terry_4"
    ]
  ]
}