{
  "criteria": {
    "defeat_shadow_admin_marlon_1": {
      "conditions": {
        "count": 1,
        "entity": {
          "type": null
        },
        "trainer_ids": [
          "shadow_admin_marlon_1_05b8"
        ],
        "trainer_type": null
      },
      "trigger": "rctmod:defeat_count"
    }
  },
  "display": {
    "announce_to_chat": false,
    "background": null,
    "description": {
      "translate": "advancements.rctmod.defeat_shadow_admin_marlon_1.description"
    },
    "frame": "task",
    "hidden": true,
    "icon": {
      "id": "cobblemon:poke_ball"
    },
    "show_toast": true,
    "title": {
      "translate": "advancements.rctmod.defeat_shadow_admin_marlon_1"
    }
  },
  "parent": "rctmod:trainers/defeat_shadow_admin_marlon_grunt",
  "requirements": [
    [
      "defeat_shadow_admin_marlon_1"
    ]
  ]
}