{
  "criteria": {
    "defeat_rival_wayne_2": {
      "conditions": {
        "count": 1,
        "entity": {
          "type": null
        },
        "trainer_ids": [
          "rival_3_player_chose_beldum_05fb",
          "rival_3_player_chose_gible_05fa",
          "rival_3_player_chose_larvitar_05fc"
        ],
        "trainer_type": null
      },
      "trigger": "rctmod:defeat_count"
    }
  },
  "display": {
    "announce_to_chat": false,
    "background": null,
    "description": {
      "translate": "advancements.rctmod.defeat_rival_wayne_2.description"
    },
    "frame": "task",
    "hidden": false,
    "icon": {
      "id": "cobblemon:poke_ball"
    },
    "show_toast": true,
    "title": {
      "translate": "advancements.rctmod.defeat_rival_wayne_2"
    }
  },
  "parent": "rctmod:trainers/defeat_boss_zeph_1",
  "requirements": [
    [
      "defeat_rival_wayne_2"
    ]
  ]
}