{
  "criteria": {
    "defeat_gym_leader_gardenia_1": {
      "conditions": {
        "count": 1,
        "entity": {
          "type": null
        },
        "trainer_ids": [
          "gym_leader_gardenia_03d6"
        ],
        "trainer_type": null
      },
      "trigger": "rctmod:defeat_count"
    }
  },
  "display": {
    "announce_to_chat": true,
    "background": null,
    "description": {
      "translate": "advancements.rctmod.defeat_gym_leader_gardenia_1.description"
    },
    "frame": "goal",
    "hidden": false,
    "icon": {
      "id": "cobblemon:poke_ball"
    },
    "show_toast": true,
    "title": {
      "translate": "advancements.rctmod.defeat_gym_leader_gardenia_1"
    }
  },
  "parent": "rctmod:trainers/defeat_commander_jupiter_1",
  "requirements": [
    [
      "defeat_gym_leader_gardenia_1"
    ]
  ]
}