{
  "criteria": {
    "defeat_title_defense_jax": {
      "conditions": {
        "count": 1,
        "entity": {
          "type": null
        },
        "trainer_ids": [
          "title_defense_jax_05ee"
        ],
        "trainer_type": null
      },
      "trigger": "rctmod:defeat_count"
    },
    "defeat_title_defense_marlon": {
      "conditions": {
        "count": 1,
        "entity": {
          "type": null
        },
        "trainer_ids": [
          "title_defense_marlon_05eb"
        ],
        "trainer_type": null
      },
      "trigger": "rctmod:defeat_count"
    },
    "defeat_title_defense_milo": {
      "conditions": {
        "count": 1,
        "entity": {
          "type": null
        },
        "trainer_ids": [
          "title_defense_milo_05ed"
        ],
        "trainer_type": null
      },
      "trigger": "rctmod:defeat_count"
    },
    "defeat_title_defense_rival_wayne": {
      "conditions": {
        "count": 1,
        "entity": {
          "type": null
        },
        "trainer_ids": [
          "title_defense_rival_player_chose_beldum_05f0",
          "title_defense_rival_player_chose_gible_05ef",
          "title_defense_rival_player_chose_larvitar_05f1"
        ],
        "trainer_type": null
      },
      "trigger": "rctmod:defeat_count"
    },
    "defeat_title_defense_solenk": {
      "conditions": {
        "count": 1,
        "entity": {
          "type": null
        },
        "trainer_ids": [
          "title_defense_solenk_05ec"
        ],
        "trainer_type": null
      },
      "trigger": "rctmod:defeat_count"
    },
    "defeat_title_defense_zeph": {
      "conditions": {
        "count": 1,
        "entity": {
          "type": null
        },
        "trainer_ids": [
          "title_defense_zeph_05ea"
        ],
        "trainer_type": null
      },
      "trigger": "rctmod:defeat_count"
    }
  },
  "display": {
    "announce_to_chat": false,
    "background": null,
    "description": {
      "translate": "advancements.rctmod.defeat_title_defense_borrius.description"
    },
    "frame": "goal",
    "hidden": true,
    "icon": {
      "id": "cobblemon:poke_ball"
    },
    "show_toast": true,
    "title": {
      "translate": "advancements.rctmod.defeat_title_defense_borrius"
    }
  },
  "parent": "rctmod:trainers/defeat_light_of_ruin_aklove_3",
  "requirements": [
    [
      "defeat_title_defense_zeph"
    ],
    [
      "defeat_title_defense_solenk"
    ],
    [
      "defeat_title_defense_rival_wayne"
    ],
    [
      "defeat_title_defense_milo"
    ],
    [
      "defeat_title_defense_marlon"
    ],
    [
      "defeat_title_defense_jax"
    ]
  ]
}