{
  "criteria": {
    "defeat_leader_benjamin": {
      "conditions": {
        "count": 1,
        "entity": {
          "type": null
        },
        "trainer_ids": [
          "leader_benjamin_05b2"
        ],
        "trainer_type": null
      },
      "trigger": "rctmod:defeat_count"
    }
  },
  "display": {
    "announce_to_chat": true,
    "background": null,
    "description": {
      "translate": "advancements.rctmod.defeat_leader_benjamin.description"
    },
    "frame": "goal",
    "hidden": false,
    "icon": {
      "id": "cobblemon:poke_ball"
    },
    "show_toast": true,
    "title": {
      "translate": "advancements.rctmod.defeat_leader_benjamin"
    }
  },
  "parent": "rctmod:trainers/defeat_shadow_admin_marlon_3",
  "requirements": [
    [
      "defeat_leader_benjamin"
    ]
  ]
}