{
  "criteria": {
    "defeat_title_defense_milo": {
      "conditions": {
        "count": 1,
        "entity": {
          "type": null
        },
        "trainer_ids": [
          "title_defense_milo_05ed"
        ],
        "trainer_type": null
      },
      "trigger": "rctmod:defeat_count"
    }
  },
  "display": {
    "announce_to_chat": false,
    "background": null,
    "description": {
      "translate": "advancements.rctmod.defeat_title_defense_milo.description"
    },
    "frame": "goal",
    "hidden": true,
    "icon": {
      "id": "cobblemon:poke_ball"
    },
    "show_toast": true,
    "title": {
      "translate": "advancements.rctmod.defeat_title_defense_milo"
    }
  },
  "parent": "rctmod:trainers/defeat_light_of_ruin_aklove_3",
  "requirements": [
    [
      "defeat_title_defense_milo"
    ]
  ]
}