{
  "criteria": {
    "defeat_pokemon_trainer_cedric_2": {
      "conditions": {
        "count": 1,
        "entity": {
          "type": null
        },
        "trainer_ids": [
          "pokemon_trainer_cedric_0448",
          "pokemon_trainer_cedric_0449",
          "pokemon_trainer_cedric_044a"
        ],
        "trainer_type": null
      },
      "trigger": "rctmod:defeat_count"
    }
  },
  "display": {
    "announce_to_chat": false,
    "background": null,
    "description": {
      "translate": "advancements.rctmod.defeat_pokemon_trainer_cedric_2.description"
    },
    "frame": "task",
    "hidden": false,
    "icon": {
      "id": "cobblemon:poke_ball"
    },
    "show_toast": true,
    "title": {
      "translate": "advancements.rctmod.defeat_pokemon_trainer_cedric_2"
    }
  },
  "parent": "rctmod:trainers/defeat_gym_leader_wake_1",
  "requirements": [
    [
      "defeat_pokemon_trainer_cedric_2"
    ]
  ]
}