{
  "criteria": {
    "defeat_champion_cynthia_3": {
      "conditions": {
        "count": 1,
        "entity": {
          "type": null
        },
        "trainer_ids": [
          "champion_cynthia_05a7"
        ],
        "trainer_type": null
      },
      "trigger": "rctmod:defeat_count"
    }
  },
  "display": {
    "announce_to_chat": true,
    "background": null,
    "description": {
      "translate": "advancements.rctmod.defeat_champion_cynthia_3.description"
    },
    "frame": "challenge",
    "hidden": true,
    "icon": {
      "id": "cobblemon:poke_ball"
    },
    "show_toast": true,
    "title": {
      "translate": "advancements.rctmod.defeat_champion_cynthia_3"
    }
  },
  "parent": "rctmod:trainers/defeat_elite_four_lucian_3",
  "requirements": [
    [
      "defeat_champion_cynthia_3"
    ]
  ]
}