{
  "criteria": {
    "defeat_rival_wayne_1": {
      "conditions": {
        "count": 1,
        "entity": {
          "type": null
        },
        "trainer_ids": [
          "rival_2_player_chose_beldum_060a",
          "rival_2_player_chose_gible_0609",
          "rival_2_player_chose_larvitar_060b"
        ],
        "trainer_type": null
      },
      "trigger": "rctmod:defeat_count"
    }
  },
  "display": {
    "announce_to_chat": false,
    "background": null,
    "description": {
      "translate": "advancements.rctmod.defeat_rival_wayne_1.description"
    },
    "frame": "task",
    "hidden": false,
    "icon": {
      "id": "cobblemon:poke_ball"
    },
    "show_toast": true,
    "title": {
      "translate": "advancements.rctmod.defeat_rival_wayne_1"
    }
  },
  "parent": "rctmod:trainers/defeat_any",
  "requirements": [
    [
      "defeat_rival_wayne_1"
    ]
  ]
}