{
  "criteria": {
    "defeat_trainer_red": {
      "conditions": {
        "count": 1,
        "entity": {
          "type": null
        },
        "trainer_ids": [
          "trainer_red_0003"
        ],
        "trainer_type": null
      },
      "trigger": "rctmod:defeat_count"
    }
  },
  "display": {
    "announce_to_chat": true,
    "background": null,
    "description": {
      "translate": "advancements.rctmod.defeat_trainer_red.description"
    },
    "frame": "challenge",
    "hidden": true,
    "icon": {
      "id": "cobblemon:poke_ball"
    },
    "show_toast": true,
    "title": {
      "translate": "advancements.rctmod.defeat_trainer_red"
    }
  },
  "parent": "rctmod:trainers/defeat_champion_terry",
  "requirements": [
    [
      "defeat_trainer_red"
    ]
  ]
}