{
  "criteria": {
    "defeat_trainer_may": {
      "conditions": {
        "count": 1,
        "entity": {
          "type": null
        },
        "trainer_ids": [
          "trainer_may_003d"
        ],
        "trainer_type": null
      },
      "trigger": "rctmod:defeat_count"
    }
  },
  "display": {
    "announce_to_chat": false,
    "background": null,
    "description": {
      "translate": "advancements.rctmod.defeat_trainer_may.description"
    },
    "frame": "task",
    "hidden": false,
    "icon": {
      "id": "cobblemon:poke_ball"
    },
    "show_toast": true,
    "title": {
      "translate": "advancements.rctmod.defeat_trainer_may"
    }
  },
  "parent": "rctmod:trainers/defeat_leader_koga",
  "requirements": [
    [
      "defeat_trainer_may"
    ]
  ]
}