{
  "criteria": {
    "defeat_commander_saturn_1": {
      "conditions": {
        "count": 1,
        "entity": {
          "type": null
        },
        "trainer_ids": [
          "commander_saturn_041f"
        ],
        "trainer_type": null
      },
      "trigger": "rctmod:defeat_count"
    }
  },
  "display": {
    "announce_to_chat": false,
    "background": null,
    "description": {
      "translate": "advancements.rctmod.defeat_commander_saturn_1.description"
    },
    "frame": "task",
    "hidden": false,
    "icon": {
      "id": "cobblemon:poke_ball"
    },
    "show_toast": true,
    "title": {
      "translate": "advancements.rctmod.defeat_commander_saturn_1"
    }
  },
  "parent": "rctmod:trainers/defeat_gym_leader_byron_1",
  "requirements": [
    [
      "defeat_commander_saturn_1"
    ]
  ]
}