{
  "criteria": {
    "defeat_rocket_admin_ariana_3": {
      "conditions": {
        "count": 1,
        "entity": {
          "type": null
        },
        "trainer_ids": [
          "rocket_admin_ariana_0029"
        ],
        "trainer_type": null
      },
      "trigger": "rctmod:defeat_count"
    }
  },
  "display": {
    "announce_to_chat": false,
    "background": null,
    "description": {
      "translate": "advancements.rctmod.defeat_rocket_admin_ariana_3.description"
    },
    "frame": "task",
    "hidden": true,
    "icon": {
      "id": "cobblemon:poke_ball"
    },
    "show_toast": true,
    "title": {
      "translate": "advancements.rctmod.defeat_rocket_admin_ariana_3"
    }
  },
  "parent": "rctmod:trainers/defeat_trainer_brendan_3",
  "requirements": [
    [
      "defeat_rocket_admin_ariana_3"
    ]
  ]
}