{
  "criteria": {
    "defeat_leader_big_mo": {
      "conditions": {
        "count": 1,
        "entity": {
          "type": null
        },
        "trainer_ids": [
          "leader_big_mo_05b0"
        ],
        "trainer_type": null
      },
      "trigger": "rctmod:defeat_count"
    }
  },
  "display": {
    "announce_to_chat": true,
    "background": null,
    "description": {
      "translate": "advancements.rctmod.defeat_leader_big_mo.description"
    },
    "frame": "goal",
    "hidden": false,
    "icon": {
      "id": "cobblemon:poke_ball"
    },
    "show_toast": true,
    "title": {
      "translate": "advancements.rctmod.defeat_leader_big_mo"
    }
  },
  "parent": "rctmod:trainers/defeat_light_of_ruin_aklove_1",
  "requirements": [
    [
      "defeat_leader_big_mo"
    ]
  ]
}