{
  "criteria": {
    "defeat_team_galactic_boss_cyrus_2": {
      "conditions": {
        "count": 1,
        "entity": {
          "type": null
        },
        "trainer_ids": [
          "team_galactic_boss_cyrus_041b"
        ],
        "trainer_type": null
      },
      "trigger": "rctmod:defeat_count"
    }
  },
  "display": {
    "announce_to_chat": true,
    "background": null,
    "description": {
      "translate": "advancements.rctmod.defeat_team_galactic_boss_cyrus_2.description"
    },
    "frame": "challenge",
    "hidden": false,
    "icon": {
      "id": "cobblemon:poke_ball"
    },
    "show_toast": true,
    "title": {
      "translate": "advancements.rctmod.defeat_team_galactic_boss_cyrus_2"
    }
  },
  "parent": "rctmod:trainers/defeat_commander_mars_jupiter",
  "requirements": [
    [
      "defeat_team_galactic_boss_cyrus_2"
    ]
  ]
}