{
  "criteria": {
    "defeat_leader_erika": {
      "conditions": {
        "count": 1,
        "entity": {
          "type": null
        },
        "trainer_ids": [
          "leader_erika_01a1"
        ],
        "trainer_type": null
      },
      "trigger": "rctmod:defeat_count"
    }
  },
  "display": {
    "announce_to_chat": true,
    "background": null,
    "description": {
      "translate": "advancements.rctmod.defeat_leader_erika.description"
    },
    "frame": "goal",
    "hidden": false,
    "icon": {
      "id": "cobblemonpokemonbadges:rainbow_badge"
    },
    "show_toast": true,
    "title": {
      "translate": "advancements.rctmod.defeat_leader_erika"
    }
  },
  "parent": "rctmod:trainers/defeat_leader_lt_surge",
  "requirements": [
    [
      "defeat_leader_erika"
    ]
  ]
}