{
    "enabled": true,
    "neededInstalledMods": [],
    "neededUninstalledMods": [],
    "spawns": [
        {
            "id": "articuno-1",
            "pokemon": "articuno",
            "presets": ["natural"],
            "type": "pokemon",
            "context": "grounded",
            "bucket": "ultra-rare",
            "level": "70",
            "weight": 0.5,
            "condition": {
                "canSeeSky": true,
                "biomes": [
                    "minecraft:ice_spikes",
                    "minecraft:frozen_peaks"
                        ]
            }
        },
        {
            "id": "articuno-galarian",
            "pokemon": "articuno",
            "presets": ["natural"],
            "type": "pokemon",
            "context": "grounded",
            "bucket": "ultra-rare",
            "level": "70",
            "weight": 0.5,
            "condition": {
                "canSeeSky": true,
                "biomes": [
                    "minecraft:grove"
                        ],
                "isRaining": true
            }
        },
        {
            "id": "articuno-galarian",
            "pokemon": "articuno galarian",
            "presets": ["natural"],
            "type": "pokemon",
            "context": "grounded",
            "bucket": "ultra-rare",
            "level": "70",
            "weight": 0.5,
            "condition": {
                "structures": [
                    "genomons:dyna_tree_hill"
                ],
                "timeRange": "night"
            }
        }
    ]
}