{
    "enabled": "true",
    "neededInstalledMods": [],
    "neededUninstalledMods": [],
    "spawns": [
        {
            "id": "cresselia-1",
            "pokemon": "cresselia",
            "presets": [ "natural", "wild"],
            "type": "pokemon",
            "context": "grounded",
            "bucket": "ultra-rare",
            "level": "70",
            "weight": 0.5,
            "condition": {
                "biomes": [
                    "#minecraft:flower_forest"
                ],
                "timeRange": "night"
            }

        }
    ]
}