{
    "enabled": "true",
    "neededInstalledMods": [],
    "neededUninstalledMods": [],
    "spawns": [
        {
            "id": "glastrier-1",
            "pokemon": "glastrier",
            "presets": [
                "natural",
				"wild"
            ],
            "type": "pokemon",
            "context": "grounded",
            "bucket": "ultra-rare",
            "level": "70",
            "weight": 1,
            "condition": {
                "biomes": [
                    "#minecraft:grove"
                ]
            }

        }
    ]
}