{
    "enabled": "true",
    "neededInstalledMods": [],
    "neededUninstalledMods": [],
    "spawns": [
        {
            "id": "ursaluna-3",
            "pokemon": "ursaluna bloodmoon",
            "presets": [
                "natural",
				"wild"
            ],
            "type": "pokemon",
            "context": "grounded",
            "bucket": "ultra-rare",
            "level": "70",
            "weight": 0.1,
            "condition": {
                "biomes": [
                    "#minecraft:dark_forest"
                ],
				"moonPhase": 1
            }

        }
    ]
}