{
	"format_version": "1.12.0",
	"minecraft:geometry": [
		{
			"description": {
				"identifier": "geometry.giratina2",
				"texture_width": 512,
				"texture_height": 512,
				"visible_bounds_width": 15,
				"visible_bounds_height": 8.5,
				"visible_bounds_offset": [0, 3.75, 0]
			},
			"bones": [
				{
					"name": "giratina2",
					"pivot": [0, 0, 0]
				},
				{
					"name": "body",
					"parent": "giratina2",
					"pivot": [0, 40, 4]
				},
				{
					"name": "torso",
					"parent": "body",
					"pivot": [0, 33.84432, 9.80622],
					"cubes": [
						{"origin": [-12, 23.91507, -32.2019], "size": [24, 24, 22], "pivot": [0, 33.41507, -21.2019], "rotation": [22.5, 0, 0], "uv": [94, 108]},
						{"origin": [-18, 15.4287, -27.72909], "size": [36, 33, 75], "uv": [0, 0]}
					]
				},
				{
					"name": "neck",
					"parent": "torso",
					"pivot": [0, 21.98241, -24.00007]
				},
				{
					"name": "neck_segment_3",
					"parent": "neck",
					"pivot": [0, 45.0646, -21.71767],
					"cubes": [
						{"origin": [-11, 40.98241, -35.00007], "size": [22, 16, 22], "uv": [72, 154]},
						{"origin": [2.60896, 53.33303, -15.23323], "size": [9, 7, 5], "pivot": [3.60896, 55.83303, -12.23323], "rotation": [0, 22.5, 0], "uv": [0, 247]},
						{"origin": [1.27198, 52.48241, -12.47291], "size": [14, 8, 8], "pivot": [1, 55.23241, -16.0126], "rotation": [12.87759, 66.97934, 11.88242], "uv": [198, 189]},
						{"origin": [-16.39083, 52.98241, -32.95765], "size": [16, 7, 6], "pivot": [1, 55.73241, -16.0126], "rotation": [12.87759, -66.97934, -11.88242], "uv": [234, 183]},
						{"origin": [0.39083, 52.98241, -32.95765], "size": [16, 7, 6], "pivot": [-1, 55.73241, -16.0126], "rotation": [12.87759, 66.97934, 11.88242], "uv": [234, 183], "mirror": true},
						{"origin": [-15.27198, 52.48241, -12.47291], "size": [14, 8, 8], "pivot": [-1, 55.23241, -16.0126], "rotation": [12.87759, -66.97934, -11.88242], "uv": [198, 189], "mirror": true},
						{"origin": [-11.60896, 53.33303, -15.23323], "size": [9, 7, 5], "pivot": [-3.60896, 55.83303, -12.23323], "rotation": [0, -22.5, 0], "uv": [0, 247], "mirror": true}
					]
				},
				{
					"name": "neck_segment_2",
					"parent": "neck_segment_3",
					"pivot": [0, 58.8514, -21.87852],
					"cubes": [
						{"origin": [-10, 54.98241, -34.00007], "size": [20, 15, 20], "uv": [160, 154]},
						{"origin": [1.80658, 63.83303, -17.1847], "size": [8, 6, 5], "pivot": [7.11314, 66.83303, -15.2259], "rotation": [0, 135, 0], "uv": [245, 32]},
						{"origin": [0.27198, 63.48241, -12.47291], "size": [14, 7, 8], "pivot": [0, 66.23241, -16.0126], "rotation": [12.87759, 66.97934, 11.88242], "uv": [158, 231]},
						{"origin": [-17.39083, 63.98241, -32.95765], "size": [16, 6, 6], "pivot": [0, 66.73241, -16.0126], "rotation": [12.87759, -66.97934, -11.88242], "uv": [202, 239]},
						{"origin": [-14.27198, 63.48241, -12.47291], "size": [14, 7, 8], "pivot": [0, 66.23241, -16.0126], "rotation": [12.87759, -66.97934, -11.88242], "uv": [158, 231], "mirror": true},
						{"origin": [1.39083, 63.98241, -32.95765], "size": [16, 6, 6], "pivot": [0, 66.73241, -16.0126], "rotation": [12.87759, 66.97934, 11.88242], "uv": [202, 239], "mirror": true},
						{"origin": [-9.80658, 63.83303, -17.1847], "size": [8, 6, 5], "pivot": [-7.11314, 66.83303, -15.2259], "rotation": [0, -135, 0], "uv": [245, 32], "mirror": true}
					]
				},
				{
					"name": "wings",
					"parent": "neck_segment_2",
					"pivot": [4.5, -0.01759, -0.00007]
				},
				{
					"name": "left_wing",
					"parent": "wings",
					"pivot": [9, 66.68241, -12.00007],
					"cubes": [
						{"origin": [9, 62.68241, -12.00007], "size": [14, 8, 0], "inflate": 0.01, "uv": [186, 146]}
					]
				},
				{
					"name": "left_wing_segment_1",
					"parent": "left_wing",
					"pivot": [22.5, 64.68241, -12.0334],
					"cubes": [
						{"origin": [23, 44.68241, -12.00007], "size": [19, 38, 0], "inflate": 0.01, "uv": [120, 224]},
						{"origin": [29, 61.68241, -20.00007], "size": [7, 7, 8], "inflate": -0.01, "uv": [64, 155]},
						{"origin": [30.5, 63.18241, -28.00007], "size": [4, 4, 8], "uv": [186, 246]}
					]
				},
				{
					"name": "left_wing_segment_2",
					"parent": "left_wing_segment_1",
					"pivot": [41.83333, 70.18241, -12.0334],
					"cubes": [
						{"origin": [49.5, 60.18241, -28.00007], "size": [4, 4, 8], "uv": [186, 246]},
						{"origin": [48, 58.68241, -20.00007], "size": [7, 7, 8], "inflate": -0.01, "uv": [64, 155]},
						{"origin": [42, 41.68241, -12.00007], "size": [21, 41, 0], "uv": [0, 206]}
					]
				},
				{
					"name": "left_wing_segment_3",
					"parent": "left_wing_segment_2",
					"pivot": [62.66667, 68.51574, -12.0334],
					"cubes": [
						{"origin": [63, 34.68241, -12.00007], "size": [32, 51, 0], "inflate": 0.01, "uv": [0, 155]},
						{"origin": [66, 61.68241, -20.00007], "size": [7, 7, 8], "inflate": -0.01, "uv": [64, 155]},
						{"origin": [67.5, 63.18241, -28.00007], "size": [4, 4, 8], "uv": [186, 246]}
					]
				},
				{
					"name": "right_wing",
					"parent": "wings",
					"pivot": [-9, 66.68241, -12.00007],
					"cubes": [
						{"origin": [-23, 62.68241, -12.00007], "size": [14, 8, 0], "inflate": 0.01, "uv": [186, 146], "mirror": true}
					]
				},
				{
					"name": "right_wing_segment_1",
					"parent": "right_wing",
					"pivot": [-22.5, 64.68241, -12.0334],
					"cubes": [
						{"origin": [-42, 44.68241, -12.00007], "size": [19, 38, 0], "inflate": 0.01, "uv": [120, 224], "mirror": true},
						{"origin": [-36, 61.68241, -20.00007], "size": [7, 7, 8], "inflate": -0.01, "uv": [64, 155], "mirror": true},
						{"origin": [-34.5, 63.18241, -28.00007], "size": [4, 4, 8], "uv": [186, 246], "mirror": true}
					]
				},
				{
					"name": "right_wing_segment_2",
					"parent": "right_wing_segment_1",
					"pivot": [-41.83333, 72.18241, -12.0334],
					"cubes": [
						{"origin": [-53.5, 60.18241, -28.00007], "size": [4, 4, 8], "uv": [186, 246], "mirror": true},
						{"origin": [-55, 58.68241, -20.00007], "size": [7, 7, 8], "inflate": -0.01, "uv": [64, 155], "mirror": true},
						{"origin": [-63, 41.68241, -12.00007], "size": [21, 41, 0], "uv": [0, 206], "mirror": true}
					]
				},
				{
					"name": "right_wing_segment_3",
					"parent": "right_wing_segment_2",
					"pivot": [-62.66667, 68.51574, -12.0334],
					"cubes": [
						{"origin": [-95, 34.68241, -12.00007], "size": [32, 51, 0], "inflate": 0.01, "uv": [0, 155], "mirror": true},
						{"origin": [-73, 61.68241, -20.00007], "size": [7, 7, 8], "inflate": -0.01, "uv": [64, 155], "mirror": true},
						{"origin": [-71.5, 63.18241, -28.00007], "size": [4, 4, 8], "uv": [186, 246], "mirror": true}
					]
				},
				{
					"name": "neck_segment_1",
					"parent": "neck_segment_2",
					"pivot": [0, 72.43123, -22.05506],
					"cubes": [
						{"origin": [-6.5, 78.98241, -32.00007], "size": [13, 6, 16], "inflate": -0.001, "uv": [191, 53]},
						{"origin": [-9, 67.98241, -33.00007], "size": [18, 12, 18], "uv": [0, 44]},
						{"origin": [-13.27198, 73.48241, -12.47291], "size": [14, 6, 8], "pivot": [1, 76.23241, -16.0126], "rotation": [12.87759, -66.97934, -11.88242], "uv": [233, 49], "mirror": true},
						{"origin": [2.39083, 73.48241, -32.95765], "size": [16, 5, 6], "pivot": [1, 76.23241, -16.0126], "rotation": [12.87759, 66.97934, 11.88242], "uv": [240, 170], "mirror": true},
						{"origin": [-9.60896, 74.33303, -15.23323], "size": [7, 5, 5], "pivot": [-1.60896, 76.83303, -12.23323], "rotation": [0, -22.5, 0], "uv": [248, 0], "mirror": true},
						{"origin": [-18.39083, 73.48241, -32.95765], "size": [16, 5, 6], "pivot": [-1, 76.23241, -16.0126], "rotation": [12.87759, -66.97934, -11.88242], "uv": [240, 170]},
						{"origin": [-0.72802, 73.48241, -12.47291], "size": [14, 6, 8], "pivot": [-1, 76.23241, -16.0126], "rotation": [12.87759, 66.97934, 11.88242], "uv": [233, 49]},
						{"origin": [2.60896, 74.33303, -15.23323], "size": [7, 5, 5], "pivot": [1.60896, 76.83303, -12.23323], "rotation": [0, 22.5, 0], "uv": [248, 0]}
					]
				},
				{
					"name": "head",
					"parent": "neck_segment_1",
					"pivot": [-1.20987, 85.84231, -21.31891],
					"cubes": [
						{"origin": [-6.5, 85.98241, -34.00007], "size": [13, 10, 11], "pivot": [0, 90.26862, -24.77528], "rotation": [10, 0, 0], "uv": [211, 0]},
						{"origin": [-8.5, 83.68241, -29.00007], "size": [17, 13, 13], "uv": [147, 43]},
						{"origin": [11.89312, 85.98241, -30.85108], "size": [8, 9, 9], "pivot": [15.89312, 90.48241, -26.35108], "rotation": [0, 45, 0], "uv": [242, 99]},
						{"origin": [5.5, 84.98241, -27.00007], "size": [10, 11, 11], "pivot": [6.5, 90.48241, -21.50007], "rotation": [0, 22.5, 0], "uv": [42, 226]},
						{"origin": [-15.5, 84.98241, -27.00007], "size": [10, 11, 11], "pivot": [-6.5, 90.48241, -21.50007], "rotation": [0, -22.5, 0], "uv": [42, 226], "mirror": true},
						{"origin": [-19.89312, 85.98241, -30.85108], "size": [8, 9, 9], "pivot": [-15.89312, 90.48241, -26.35108], "rotation": [0, -45, 0], "uv": [242, 99], "mirror": true},
						{"origin": [4.80863, 86.48241, -37.24406], "size": [5, 4, 8], "pivot": [0, 88.48241, -24.62051], "rotation": [10.80524, -22.13991, -4.11405], "uv": [28, 248]},
						{"origin": [9.31565, 87.48241, -38.45028], "size": [4, 2, 6], "pivot": [0, 88.48241, -24.62051], "rotation": [10, 0, 0], "uv": [54, 52]},
						{"origin": [-9.80863, 86.48241, -37.24406], "size": [5, 4, 8], "pivot": [0, 88.48241, -24.62051], "rotation": [10.80524, 22.13991, 4.11405], "uv": [28, 248], "mirror": true},
						{"origin": [-13.31565, 87.48241, -38.45028], "size": [4, 2, 6], "pivot": [0, 88.48241, -24.62051], "rotation": [10, 0, 0], "uv": [54, 52], "mirror": true},
						{"origin": [-4.42893, 84.35357, -38.57536], "size": [9, 10, 9], "inflate": -0.01, "pivot": [0.07107, 89.35357, -34.07536], "rotation": [14.00194, 44.13603, 9.85108], "uv": [138, 154]}
					]
				},
				{
					"name": "right_eye",
					"parent": "head",
					"pivot": [-0.1, 91.26862, -24.77528],
					"cubes": [
						{"origin": [-4.6, 88.77397, -36.46299], "size": [0, 1, 1], "inflate": 0.03, "pivot": [-4.6, 89.52397, -35.81299], "rotation": [10, -45, -5], "uv": [0, 0], "mirror": true},
						{"origin": [-4.6, 88.27397, -37.16299], "size": [0, 2, 3], "inflate": 0.02, "pivot": [-4.6, 89.52397, -35.81299], "rotation": [10, -45, -5], "uv": [8, 6], "mirror": true},
						{"origin": [-4.6, 87.77397, -37.66299], "size": [0, 3, 4], "inflate": 0.01, "pivot": [-4.6, 89.52397, -35.81299], "rotation": [10, -45, -5], "uv": [0, 5], "mirror": true}
					]
				},
				{
					"name": "left_eye",
					"parent": "head",
					"pivot": [0.2, 91.26862, -24.77528],
					"cubes": [
						{"origin": [4.7, 88.77397, -36.46299], "size": [0, 1, 1], "inflate": 0.03, "pivot": [4.7, 89.52397, -35.81299], "rotation": [10, 45, 5], "uv": [0, 0]},
						{"origin": [4.7, 88.27397, -37.16299], "size": [0, 2, 3], "inflate": 0.02, "pivot": [4.7, 89.52397, -35.81299], "rotation": [10, 45, 5], "uv": [8, 6]},
						{"origin": [4.7, 87.77397, -37.66299], "size": [0, 3, 4], "inflate": 0.01, "pivot": [4.7, 89.52397, -35.81299], "rotation": [10, 45, 5], "uv": [0, 5]}
					]
				},
				{
					"name": "left_eyelid",
					"parent": "head",
					"pivot": [4.46766, 89.26206, -34.33139],
					"cubes": [
						{"origin": [4, 87.77397, -35.96299], "size": [1, 3, 4], "inflate": 0.03, "pivot": [4, 89.52397, -34.11299], "rotation": [10, 45, 5], "uv": [211, 13]}
					]
				},
				{
					"name": "right_eyelid",
					"parent": "head",
					"pivot": [-4.46766, 89.26206, -34.33139],
					"cubes": [
						{"origin": [-5, 87.77397, -35.96299], "size": [1, 3, 4], "inflate": 0.03, "pivot": [-4, 89.52397, -34.11299], "rotation": [10, -45, -5], "uv": [211, 13], "mirror": true}
					]
				},
				{
					"name": "mouth",
					"parent": "head",
					"pivot": [0.03553, 85.48473, -25.08269],
					"cubes": [
						{"origin": [0.39499, 83.62708, -35.16506], "size": [9, 4, 9], "inflate": 0.01, "pivot": [0.03553, 86.94551, -25.85586], "rotation": [3.53329, 44.94549, 2.49762], "uv": [237, 242]},
						{"origin": [-6.5, 83.7139, -33.09214], "size": [13, 4, 11], "inflate": 0.01, "pivot": [0.03553, 86.94551, -25.85586], "rotation": [2.5, 0, 0], "uv": [102, 192]}
					]
				},
				{
					"name": "crown",
					"parent": "head",
					"pivot": [-34.96447, 24.98241, 1.70348],
					"cubes": [
						{"origin": [2.06358, 92.20166, -35.73835], "size": [9, 12, 9], "inflate": 0.05, "pivot": [0, 91.26862, -24.77528], "rotation": [27.23631, 41.64114, 18.88172], "uv": [84, 226]},
						{"origin": [11.06358, 92.20166, -35.73835], "size": [0, 12, 9], "inflate": 0.05, "pivot": [0, 91.26862, -24.77528], "rotation": [27.23631, 41.64114, 18.88172], "uv": [93, 226]},
						{"origin": [2.06358, 92.20166, -35.73835], "size": [9, 12, 0], "inflate": 0.05, "pivot": [0, 91.26862, -24.77528], "rotation": [27.23631, 41.64114, 18.88172], "uv": [93, 235]},
						{"origin": [-6.5, 92.20166, -33.89362], "size": [13, 12, 12], "inflate": 0.05, "pivot": [0, 91.26862, -24.77528], "rotation": [20, 0, 0], "uv": [222, 75]},
						{"origin": [-6.5, 92.20166, -33.89362], "size": [0, 12, 12], "inflate": 0.05, "pivot": [0, 91.26862, -24.77528], "rotation": [20, 0, 0], "uv": [260, 63]},
						{"origin": [6.5, 92.20166, -33.89362], "size": [0, 12, 12], "inflate": 0.05, "pivot": [0, 91.26862, -24.77528], "rotation": [20, 0, 0], "uv": [260, 63]}
					]
				},
				{
					"name": "tail",
					"parent": "torso",
					"pivot": [-0.5, 33.9287, 47.77091],
					"cubes": [
						{"origin": [-13, 21.4287, 47.27091], "size": [25, 25, 22], "uv": [0, 108]}
					]
				},
				{
					"name": "tail_segment_1",
					"parent": "tail",
					"pivot": [-0.5, 33.9287, 69.27091],
					"cubes": [
						{"origin": [-11, 23.4287, 69.27091], "size": [21, 21, 22], "uv": [147, 0]}
					]
				},
				{
					"name": "tail_segment_2",
					"parent": "tail_segment_1",
					"pivot": [-0.5, 33.9287, 90.77091],
					"cubes": [
						{"origin": [-8, 26.4287, 91.27091], "size": [15, 15, 19], "uv": [197, 205]}
					]
				},
				{
					"name": "legs",
					"parent": "body",
					"pivot": [4.5, 0, 0]
				},
				{
					"name": "left_front_leg",
					"parent": "legs",
					"pivot": [10.99001, 38.02659, -13.72901],
					"cubes": [
						{"origin": [5.6, 15.44629, -22.72901], "size": [19, 26, 18], "inflate": 0.01, "pivot": [15.6, 25.44629, -13.72901], "rotation": [0, 0, -22.5], "uv": [0, 0]},
						{"origin": [31.01652, 15.65164, -22.28055], "size": [5, 5, 9], "pivot": [25.18467, 18.15164, -13.1852], "rotation": [0, 67.5, -12.5], "uv": [254, 148]},
						{"origin": [23.24175, 15.15164, -23.22901], "size": [6, 6, 19], "pivot": [25.18467, 18.15164, -13.1852], "rotation": [0, 0, -12.5], "uv": [214, 24]},
						{"origin": [31.01652, 15.65164, -14.71945], "size": [5, 5, 9], "pivot": [25.18467, 18.15164, -14.8148], "rotation": [0, -67.5, -12.5], "uv": [158, 246]},
						{"origin": [0.48348, 9.84836, -22.28055], "size": [5, 4, 9], "pivot": [11.31533, 12.34836, -13.1852], "rotation": [2.62653, -68.28987, -15.01373], "uv": [274, 144], "mirror": true},
						{"origin": [7.25825, 9.34836, -23.22901], "size": [6, 5, 19], "pivot": [11.31533, 12.34836, -13.1852], "rotation": [0.97139, -0.81044, -12.58701], "uv": [220, 146], "mirror": true},
						{"origin": [8.74175, 8.65164, -22.72901], "size": [19, 11, 18], "uv": [186, 108]},
						{"origin": [0.48348, 9.84836, -14.71945], "size": [5, 4, 9], "pivot": [11.31533, 12.34836, -14.8148], "rotation": [2.45325, 66.67034, -10.32037], "uv": [246, 196], "mirror": true}
					]
				},
				{
					"name": "left_front_leg_foot",
					"parent": "left_front_leg",
					"pivot": [18.15998, 8.65164, -12.88809],
					"cubes": [
						{"origin": [8.74175, -0.34836, -22.72901], "size": [19, 13, 18], "inflate": 0.01, "uv": [260, 108]},
						{"origin": [16.24175, -0.34836, -24.72901], "size": [4, 9, 3], "pivot": [18.24175, 4.15164, -23.22901], "rotation": [-22.5, 0, 0], "uv": [0, 44]},
						{"origin": [15.44175, -0.34836, -28.22901], "size": [6, 4, 6], "inflate": -0.01, "pivot": [18.94175, 1.65164, -24.72901], "rotation": [0, 45, 0], "uv": [194, 43]},
						{"origin": [23.74175, -0.34836, -26.72901], "size": [4, 4, 5], "inflate": -0.01, "pivot": [25.74175, 1.65164, -22.72901], "rotation": [0, -10, 0], "uv": [0, 0]},
						{"origin": [13.74175, -0.34836, -24.72901], "size": [9, 4, 7], "inflate": -0.01, "uv": [245, 21]},
						{"origin": [8.25825, -0.34836, -26.72901], "size": [4, 4, 5], "inflate": -0.01, "pivot": [10.25825, 1.65164, -22.72901], "rotation": [0, 10, 0], "uv": [0, 0], "mirror": true}
					]
				},
				{
					"name": "right_front_leg",
					"parent": "legs",
					"pivot": [-10.99001, 38.02659, -13.72901],
					"cubes": [
						{"origin": [-24.6, 15.44629, -22.72901], "size": [19, 26, 18], "pivot": [-15.6, 25.44629, -13.72901], "rotation": [0, 0, 22.5], "uv": [0, 0], "mirror": true},
						{"origin": [-36.01652, 15.65164, -22.28055], "size": [5, 5, 9], "pivot": [-25.18467, 18.15164, -13.1852], "rotation": [0, -67.5, 12.5], "uv": [158, 246], "mirror": true},
						{"origin": [-29.24175, 15.15164, -23.22901], "size": [6, 6, 19], "pivot": [-25.18467, 18.15164, -13.1852], "rotation": [0, 0, 12.5], "uv": [214, 24], "mirror": true},
						{"origin": [-36.01652, 15.65164, -14.71945], "size": [5, 5, 9], "pivot": [-25.18467, 18.15164, -14.8148], "rotation": [0, 67.5, 12.5], "uv": [158, 246], "mirror": true},
						{"origin": [-5.48348, 9.84836, -22.28055], "size": [5, 4, 9], "pivot": [-11.31533, 12.34836, -13.1852], "rotation": [2.62653, 68.28987, 15.01373], "uv": [246, 196]},
						{"origin": [-13.25825, 9.34836, -23.22901], "size": [6, 5, 19], "pivot": [-11.31533, 12.34836, -13.1852], "rotation": [0.97139, 0.81044, 12.58701], "uv": [220, 146]},
						{"origin": [-27.74175, 8.65164, -22.72901], "size": [19, 11, 18], "uv": [186, 108], "mirror": true},
						{"origin": [-5.48348, 9.84836, -14.71945], "size": [5, 4, 9], "pivot": [-11.31533, 12.34836, -14.8148], "rotation": [2.45325, -66.67034, 10.32037], "uv": [246, 196]}
					]
				},
				{
					"name": "right_front_leg_foot",
					"parent": "right_front_leg",
					"pivot": [-18.15998, 8.65164, -12.88809],
					"cubes": [
						{"origin": [-27.74175, -0.34836, -22.72901], "size": [19, 13, 18], "inflate": 0.01, "uv": [260, 108], "mirror": true},
						{"origin": [-20.24175, -0.34836, -24.72901], "size": [4, 9, 3], "pivot": [-18.24175, 4.15164, -23.22901], "rotation": [-22.5, 0, 0], "uv": [0, 44], "mirror": true},
						{"origin": [-21.44175, -0.34836, -28.22901], "size": [6, 4, 6], "inflate": -0.01, "pivot": [-18.94175, 1.65164, -24.72901], "rotation": [0, -45, 0], "uv": [194, 43], "mirror": true},
						{"origin": [-27.74175, -0.34836, -26.72901], "size": [4, 4, 5], "inflate": -0.01, "pivot": [-25.74175, 1.65164, -22.72901], "rotation": [0, 10, 0], "uv": [0, 0], "mirror": true},
						{"origin": [-22.74175, -0.34836, -24.72901], "size": [9, 4, 7], "inflate": -0.01, "uv": [245, 21], "mirror": true},
						{"origin": [-12.25825, -0.34836, -26.72901], "size": [4, 4, 5], "inflate": -0.01, "pivot": [-10.25825, 1.65164, -22.72901], "rotation": [0, -10, 0], "uv": [0, 0]}
					]
				},
				{
					"name": "left_middle_leg",
					"parent": "legs",
					"pivot": [10.99001, 38.02659, 11.27099],
					"cubes": [
						{"origin": [5.6, 15.44629, 2.27099], "size": [19, 26, 18], "pivot": [15.6, 25.44629, 11.27099], "rotation": [0, 0, -22.5], "uv": [0, 0]},
						{"origin": [31.01652, 15.65164, 2.71945], "size": [5, 5, 9], "pivot": [25.18467, 18.15164, 11.8148], "rotation": [0, 67.5, -12.5], "uv": [158, 246]},
						{"origin": [23.24175, 15.15164, 1.77099], "size": [6, 6, 19], "pivot": [25.18467, 18.15164, 11.8148], "rotation": [0, 0, -12.5], "uv": [214, 24]},
						{"origin": [31.01652, 15.65164, 10.28055], "size": [5, 5, 9], "pivot": [25.18467, 18.15164, 10.1852], "rotation": [0, -67.5, -12.5], "uv": [158, 246]},
						{"origin": [0.48348, 9.84836, 2.71945], "size": [5, 4, 9], "pivot": [11.31533, 12.34836, 11.8148], "rotation": [2.62653, -68.28987, -15.01373], "uv": [246, 196], "mirror": true},
						{"origin": [7.25825, 9.34836, 1.77099], "size": [6, 5, 19], "pivot": [11.31533, 12.34836, 11.8148], "rotation": [0.97139, -0.81044, -12.58701], "uv": [220, 146], "mirror": true},
						{"origin": [8.74175, 8.65164, 2.27099], "size": [19, 11, 18], "uv": [186, 108]},
						{"origin": [0.48348, 9.84836, 10.28055], "size": [5, 4, 9], "pivot": [11.31533, 12.34836, 10.1852], "rotation": [2.45325, 66.67034, -10.32037], "uv": [246, 196], "mirror": true}
					]
				},
				{
					"name": "left_middle_leg_foot",
					"parent": "left_middle_leg",
					"pivot": [18.15998, 8.65164, 12.11191],
					"cubes": [
						{"origin": [8.74175, -0.34836, 2.27099], "size": [19, 13, 18], "inflate": 0.01, "uv": [260, 108]},
						{"origin": [16.24175, -0.34836, 0.27099], "size": [4, 9, 3], "pivot": [18.24175, 4.15164, 1.77099], "rotation": [-22.5, 0, 0], "uv": [0, 44]},
						{"origin": [15.44175, -0.34836, -3.22901], "size": [6, 4, 6], "inflate": -0.01, "pivot": [18.94175, 1.65164, 0.27099], "rotation": [0, 45, 0], "uv": [194, 43]},
						{"origin": [23.74175, -0.34836, -1.72901], "size": [4, 4, 5], "inflate": -0.01, "pivot": [25.74175, 1.65164, 2.27099], "rotation": [0, -10, 0], "uv": [0, 0]},
						{"origin": [13.74175, -0.34836, 0.27099], "size": [9, 4, 7], "inflate": -0.01, "uv": [245, 21]},
						{"origin": [8.25825, -0.34836, -1.72901], "size": [4, 4, 5], "inflate": -0.01, "pivot": [10.25825, 1.65164, 2.27099], "rotation": [0, 10, 0], "uv": [0, 0], "mirror": true}
					]
				},
				{
					"name": "right_middle_leg",
					"parent": "legs",
					"pivot": [-10.99001, 38.02659, 11.27099],
					"cubes": [
						{"origin": [-24.6, 15.44629, 2.27099], "size": [19, 26, 18], "pivot": [-15.6, 25.44629, 11.27099], "rotation": [0, 0, 22.5], "uv": [0, 0], "mirror": true},
						{"origin": [-36.01652, 15.65164, 2.71945], "size": [5, 5, 9], "pivot": [-25.18467, 18.15164, 11.8148], "rotation": [0, -67.5, 12.5], "uv": [158, 246], "mirror": true},
						{"origin": [-29.24175, 15.15164, 1.77099], "size": [6, 6, 19], "pivot": [-25.18467, 18.15164, 11.8148], "rotation": [0, 0, 12.5], "uv": [214, 24], "mirror": true},
						{"origin": [-36.01652, 15.65164, 10.28055], "size": [5, 5, 9], "pivot": [-25.18467, 18.15164, 10.1852], "rotation": [0, 67.5, 12.5], "uv": [158, 246], "mirror": true},
						{"origin": [-5.48348, 9.84836, 2.71945], "size": [5, 4, 9], "pivot": [-11.31533, 12.34836, 11.8148], "rotation": [2.62653, 68.28987, 15.01373], "uv": [246, 196]},
						{"origin": [-13.25825, 9.34836, 1.77099], "size": [6, 5, 19], "pivot": [-11.31533, 12.34836, 11.8148], "rotation": [0.97139, 0.81044, 12.58701], "uv": [220, 146]},
						{"origin": [-27.74175, 8.65164, 2.27099], "size": [19, 11, 18], "uv": [186, 108], "mirror": true},
						{"origin": [-5.48348, 9.84836, 10.28055], "size": [5, 4, 9], "pivot": [-11.31533, 12.34836, 10.1852], "rotation": [2.45325, -66.67034, 10.32037], "uv": [246, 196]}
					]
				},
				{
					"name": "right_middle_leg_foot",
					"parent": "right_middle_leg",
					"pivot": [-18.15998, 8.65164, 12.11191],
					"cubes": [
						{"origin": [-27.74175, -0.34836, 2.27099], "size": [19, 13, 18], "inflate": 0.01, "uv": [260, 108], "mirror": true},
						{"origin": [-20.24175, -0.34836, 0.27099], "size": [4, 9, 3], "pivot": [-18.24175, 4.15164, 1.77099], "rotation": [-22.5, 0, 0], "uv": [0, 44], "mirror": true},
						{"origin": [-21.44175, -0.34836, -3.22901], "size": [6, 4, 6], "inflate": -0.01, "pivot": [-18.94175, 1.65164, 0.27099], "rotation": [0, -45, 0], "uv": [194, 43], "mirror": true},
						{"origin": [-27.74175, -0.34836, -1.72901], "size": [4, 4, 5], "inflate": -0.01, "pivot": [-25.74175, 1.65164, 2.27099], "rotation": [0, 10, 0], "uv": [0, 0], "mirror": true},
						{"origin": [-22.74175, -0.34836, 0.27099], "size": [9, 4, 7], "inflate": -0.01, "uv": [245, 21], "mirror": true},
						{"origin": [-12.25825, -0.34836, -1.72901], "size": [4, 4, 5], "inflate": -0.01, "pivot": [-10.25825, 1.65164, 2.27099], "rotation": [0, -10, 0], "uv": [0, 0]}
					]
				},
				{
					"name": "left_back_leg",
					"parent": "legs",
					"pivot": [10.99001, 38.02659, 36.27099],
					"cubes": [
						{"origin": [5.6, 15.44629, 27.27099], "size": [19, 26, 18], "pivot": [15.6, 25.44629, 36.27099], "rotation": [0, 0, -22.5], "uv": [0, 0]},
						{"origin": [31.01652, 15.65164, 27.71945], "size": [5, 5, 9], "pivot": [25.18467, 18.15164, 36.8148], "rotation": [0, 67.5, -12.5], "uv": [158, 246]},
						{"origin": [23.24175, 15.15164, 26.77099], "size": [6, 6, 19], "pivot": [25.18467, 18.15164, 36.8148], "rotation": [0, 0, -12.5], "uv": [214, 24]},
						{"origin": [31.01652, 15.65164, 35.28055], "size": [5, 5, 9], "pivot": [25.18467, 18.15164, 35.1852], "rotation": [0, -67.5, -12.5], "uv": [158, 246]},
						{"origin": [0.48348, 9.84836, 27.71945], "size": [5, 4, 9], "pivot": [11.31533, 12.34836, 36.8148], "rotation": [2.62653, -68.28987, -15.01373], "uv": [246, 196], "mirror": true},
						{"origin": [7.25825, 9.34836, 26.77099], "size": [6, 5, 19], "pivot": [11.31533, 12.34836, 36.8148], "rotation": [0.97139, -0.81044, -12.58701], "uv": [220, 146], "mirror": true},
						{"origin": [8.74175, 8.65164, 27.27099], "size": [19, 11, 18], "uv": [186, 108]},
						{"origin": [0.48348, 9.84836, 35.28055], "size": [5, 4, 9], "pivot": [11.31533, 12.34836, 35.1852], "rotation": [2.45325, 66.67034, -10.32037], "uv": [246, 196], "mirror": true}
					]
				},
				{
					"name": "left_back_leg_foot",
					"parent": "left_back_leg",
					"pivot": [18.15998, 8.65164, 37.11191],
					"cubes": [
						{"origin": [8.74175, -0.34836, 27.27099], "size": [19, 13, 18], "inflate": 0.01, "uv": [260, 108]},
						{"origin": [16.24175, -0.34836, 25.27099], "size": [4, 9, 3], "pivot": [18.24175, 4.15164, 26.77099], "rotation": [-22.5, 0, 0], "uv": [0, 44]},
						{"origin": [15.44175, -0.34836, 21.77099], "size": [6, 4, 6], "inflate": -0.01, "pivot": [18.94175, 1.65164, 25.27099], "rotation": [0, 45, 0], "uv": [194, 43]},
						{"origin": [23.74175, -0.34836, 23.27099], "size": [4, 4, 5], "inflate": -0.01, "pivot": [25.74175, 1.65164, 27.27099], "rotation": [0, -10, 0], "uv": [0, 0]},
						{"origin": [13.74175, -0.34836, 25.27099], "size": [9, 4, 7], "inflate": -0.01, "uv": [245, 21]},
						{"origin": [8.25825, -0.34836, 23.27099], "size": [4, 4, 5], "inflate": -0.01, "pivot": [10.25825, 1.65164, 27.27099], "rotation": [0, 10, 0], "uv": [0, 0], "mirror": true}
					]
				},
				{
					"name": "right_back_leg",
					"parent": "legs",
					"pivot": [-10.99001, 38.02659, 36.27099],
					"cubes": [
						{"origin": [-24.6, 15.44629, 27.27099], "size": [19, 26, 18], "pivot": [-15.6, 25.44629, 36.27099], "rotation": [0, 0, 22.5], "uv": [0, 0], "mirror": true},
						{"origin": [-36.01652, 15.65164, 27.71945], "size": [5, 5, 9], "pivot": [-25.18467, 18.15164, 36.8148], "rotation": [0, -67.5, 12.5], "uv": [158, 246], "mirror": true},
						{"origin": [-29.24175, 15.15164, 26.77099], "size": [6, 6, 19], "pivot": [-25.18467, 18.15164, 36.8148], "rotation": [0, 0, 12.5], "uv": [214, 24], "mirror": true},
						{"origin": [-36.01652, 15.65164, 35.28055], "size": [5, 5, 9], "pivot": [-25.18467, 18.15164, 35.1852], "rotation": [0, 67.5, 12.5], "uv": [158, 246], "mirror": true},
						{"origin": [-5.48348, 9.84836, 27.71945], "size": [5, 4, 9], "pivot": [-11.31533, 12.34836, 36.8148], "rotation": [2.62653, 68.28987, 15.01373], "uv": [246, 196]},
						{"origin": [-13.25825, 9.34836, 26.77099], "size": [6, 5, 19], "pivot": [-11.31533, 12.34836, 36.8148], "rotation": [0.97139, 0.81044, 12.58701], "uv": [220, 146]},
						{"origin": [-27.74175, 8.65164, 27.27099], "size": [19, 11, 18], "uv": [186, 108], "mirror": true},
						{"origin": [-5.48348, 9.84836, 35.28055], "size": [5, 4, 9], "pivot": [-11.31533, 12.34836, 35.1852], "rotation": [2.45325, -66.67034, 10.32037], "uv": [246, 196]}
					]
				},
				{
					"name": "right_back_leg_foot",
					"parent": "right_back_leg",
					"pivot": [-18.15998, 8.65164, 37.11191],
					"cubes": [
						{"origin": [-27.74175, -0.34836, 27.27099], "size": [19, 13, 18], "inflate": 0.01, "uv": [260, 108], "mirror": true},
						{"origin": [-20.24175, -0.34836, 25.27099], "size": [4, 9, 3], "pivot": [-18.24175, 4.15164, 26.77099], "rotation": [-22.5, 0, 0], "uv": [0, 44], "mirror": true},
						{"origin": [-21.44175, -0.34836, 21.77099], "size": [6, 4, 6], "inflate": -0.01, "pivot": [-18.94175, 1.65164, 25.27099], "rotation": [0, -45, 0], "uv": [194, 43], "mirror": true},
						{"origin": [-27.74175, -0.34836, 23.27099], "size": [4, 4, 5], "inflate": -0.01, "pivot": [-25.74175, 1.65164, 27.27099], "rotation": [0, 10, 0], "uv": [0, 0], "mirror": true},
						{"origin": [-22.74175, -0.34836, 25.27099], "size": [9, 4, 7], "inflate": -0.01, "uv": [245, 21], "mirror": true},
						{"origin": [-12.25825, -0.34836, 23.27099], "size": [4, 4, 5], "inflate": -0.01, "pivot": [-10.25825, 1.65164, 27.27099], "rotation": [0, -10, 0], "uv": [0, 0]}
					]
				}
			]
		}
	]
}